ytotcor;yoprcor;ytrabajocor;y2803;y0101;ytot;dau;qaut;dautr;qautr;edad;esc;nivel;cut_comuna;comuna;region
222111,3125;476790,1875;508851,5625;229562,5;520000;212587,8125;4,8125;2,625;5;3;37,1530376365997;11,51717565269170;pais;NA;NA;NA
203917,0000;500000,0000;500000,0000;200000,0;500000;200000,0000;5,0000;3,000;6;3;36,8151094589648;11,32952645232362;comuna;10101;10101;NA
199778,0000;500000,0000;500000,0000;200000,0;500000;199778,0000;4,0000;2,000;4;2;41,7727748129477;9,01209112892964;comuna;10102;10102;NA
193935,0000;400000,0000;450000,0000;185000,0;450000;193917,0000;3,0000;2,000;4;2;43,6751845091659;9,44183336570203;comuna;10104;10104;NA
178150,0000;450000,0000;482000,0000;190000,0;460000;150000,0000;4,0000;2,000;5;3;37,0124289945140;10,62628849478203;comuna;10105;10105;NA
200000,0000;300000,0000;366667,0000;280000,0;400000;199778,0000;4,0000;2,000;4;2;46,9960168302946;8,54464004038106;comuna;10106;10106;NA
210000,0000;400000,0000;436667,0000;180000,0;400000;202278,0000;4,0000;2,000;5;3;39,4470011718335;9,90785498489427;comuna;10107;10107;NA
193000,0000;300000,0000;300000,0000;216000,0;400000;190000,0000;2,0000;1,000;3;2;46,0826122228223;8,89912384560738;comuna;10108;10108;NA
308526,0000;500000,0000;550000,0000;330000,0;550000;300000,0000;6,0000;3,000;7;4;39,9118641371347;11,86656411758944;comuna;10109;10109;NA
255886,0000;430000,0000;452083,0000;290000,0;450000;218861,0000;5,0000;3,000;5;3;38,4341585489438;10,73729346377296;comuna;10201;10201;NA
214778,0000;400000,0000;420000,0000;200000,0;410000;208667,0000;4,0000;2,000;5;3;44,8411401939557;9,88245652652443;comuna;10202;10202;NA
209778,0000;440000,0000;403333,0000;185000,0;500000;199778,0000;4,0000;2,000;4;2;41,9338071693446;8,95801609745490;comuna;10203;10203;NA
213333,0000;480000,0000;416167,0000;600000,0;500000;209778,0000;4,0000;2,000;5;3;41,6917824920753;9,42186571598337;comuna;10204;10204;NA
221000,0000;400000,0000;400000,0000;185000,0;400000;214974,0000;4,0000;2,000;4;2;44,1214928879030;8,61419959812467;comuna;10205;10205;NA
137500,0000;400000,0000;328333,0000;220000,0;450000;137500,0000;3,0000;2,000;3;2;40,6784182944259;8,81029890500150;comuna;10206;10206;NA
209778,0000;450000,0000;400000,0000;200000,0;500000;209778,0000;4,0000;2,000;5;3;44,2619047619048;9,25789265982636;comuna;10207;10207;NA
203000,0000;400000,0000;406667,0000;193000,0;420000;203000,0000;4,0000;2,000;5;3;39,5003357056533;9,49050888529875;comuna;10208;10208;NA
209778,0000;430000,0000;400000,0000;170000,0;500000;209778,0000;4,0000;2,000;5;3;47,0370919881305;8,92634920634922;comuna;10209;10209;NA
203935,0000;400000,0000;366667,0000;150000,0;400000;193917,0000;3,0000;2,000;4;2;43,9318983339416;9,02155295461033;comuna;10210;10210;NA
210000,0000;450000,0000;500000,0000;218000,0;480000;199778,0000;4,0000;2,000;5;3;39,6579546427044;11,27228582543683;comuna;10301;10301;NA
174750,0000;400000,0000;400000,0000;215000,0;407000;133333,0000;4,0000;2,000;5;3;39,0690789473682;9,39474416017797;comuna;10302;10302;NA
209778,0000;400000,0000;400000,0000;170000,0;400000;199778,0000;4,0000;2,000;4;2;45,2576392194190;9,53334802004730;comuna;10303;10303;NA
195000,0000;400000,0000;400000,0000;180000,0;400000;193935,0000;3,0000;2,000;4;2;38,2672311600343;9,23829367255187;comuna;10304;10304;NA
199778,0000;450000,0000;500000,0000;180000,0;500000;199778,0000;5,0000;3,000;5;3;39,9121135112239;9,21303780964795;comuna;10305;10305;NA
199778,0000;350000,0000;280000,0000;180000,0;420000;199778,0000;3,0000;2,000;3;2;46,0057256990680;8,40432004867659;comuna;10306;10306;NA
203935,0000;370000,0000;358333,0000;193000,0;400000;202129,0000;3,0000;2,000;3;2;44,6906747536011;8,82388687624163;comuna;10307;10307;NA
239778,0000;500000,0000;580000,0000;230000,0;600000;231806,0000;5,0000;3,000;6;3;36,4657320126255;12,52024455332945;comuna;1101;1101;NA
67570,0000;430000,0000;450000,0000;179000,0;500000;64257,0000;4,0000;2,000;4;2;30,1186274297514;11,16643994081971;comuna;1107;1107;NA
254000,0000;500000,0000;600000,0000;210000,0;600000;245000,0000;6,0000;3,000;5;3;36,1003432753653;11,57912917571620;comuna;11101;11101;NA
193917,0000;450000,0000;804167,0000;NA;700000;193917,0000;5,0000;3,000;4;2;45,0043763676149;9,14960629921259;comuna;11102;11102;NA
208111,0000;480000,0000;500000,0000;230000,0;500000;206326,0000;5,0000;3,000;4;2;36,3695842625040;10,28099761263780;comuna;11201;11201;NA
273334,0000;500000,0000;700000,0000;180000,0;450000;273334,0000;7,0000;4,000;6;3;36,6068989071039;10,90132827324476;comuna;11202;11202;NA
469329,0000;475000,0000;500000,0000;630000,0;500000;469329,0000;8,0000;4,000;7;4;35,8136412459723;11,75888409166392;comuna;11301;11301;NA
332129,0000;500000,0000;515000,0000;194000,0;700000;332129,0000;7,0000;4,000;6;3;36,8400000000000;11,02141327623127;comuna;11303;11303;NA
363333,0000;500000,0000;505833,0000;260000,0;500000;333333,0000;6,0000;3,000;5;3;38,2421585817259;10,97404436054743;comuna;11401;11401;NA
273917,0000;400000,0000;400000,0000;200000,0;600000;258467,0000;6,0000;3,000;5;3;47,9490774907751;8,49386892177592;comuna;11402;11402;NA
300000,0000;600000,0000;600000,0000;300000,0;600000;280000,0000;6,0000;3,000;5;3;38,6472918961224;12,02340832811140;comuna;12101;12101;NA
500417,0000;500000,0000;700000,0000;253000,0;500000;500417,0000;7,0000;4,000;6;3;46,1712062256810;11,64285714285715;comuna;12102;12102;NA
809588,0000;1300000,0000;1341667,0000;365000,0;750000;809588,0000;8,0000;4,000;7;4;42,5242718446602;13,57142857142857;comuna;12103;12103;NA
450000,0000;470000,0000;480000,0000;200000,0;480000;450000,0000;7,0000;4,000;6;3;52,6105263157894;8,38558558558559;comuna;12104;12104;NA
490000,0000;850000,0000;1167500,0000;NA;895000;490000,0000;9,0000;5,000;8;4;37,4266194331983;12,80519480519481;comuna;12201;12201;NA
450000,0000;600000,0000;620000,0000;200000,0;620000;411318,0000;7,0000;4,000;6;3;39,4296345514945;10,57551955490100;comuna;12301;12301;NA
550000,0000;600000,0000;658333,0000;200000,0;650000;550000,0000;7,0000;4,000;6;3;37,2140762463344;11,13600000000000;comuna;12302;12302;NA
600000,0000;680000,0000;750000,0000;NA;680000;600000,0000;8,0000;4,000;6;3;34,9584905660377;12,20093457943925;comuna;12303;12303;NA
267570,0000;600000,0000;600000,0000;220000,0;600000;230000,0000;6,0000;3,000;4;2;41,3899043003240;10,84417398244216;comuna;12401;12401;NA
720000,0000;770000,0000;785000,0000;116000,0;770000;720000,0000;9,0000;5,000;8;4;44,8996212121212;12,23284823284822;comuna;12402;12402;NA
489000,0000;600000,0000;650000,0000;260000,0;600000;480000,0000;7,0000;4,000;6;3;34,4660112190098;14,16776451905146;comuna;13101;13101;NA
215448,0000;480000,0000;500000,0000;187000,0;500000;214750,0000;5,0000;3,000;4;2;36,3376376376370;11,70724889833302;comuna;13102;13102;NA
210000,0000;450000,0000;500000,0000;150000,0;500000;210000,0000;5,0000;3,000;4;2;40,4668268106519;10,47138132790637;comuna;13103;13103;NA
208817,0000;450000,0000;480000,0000;230000,0;500000;203917,0000;4,0000;2,000;4;2;42,1722755946516;11,42177599129404;comuna;13104;13104;NA
200000,0000;450000,0000;500000,0000;200000,0;500000;200000,0000;4,0000;2,000;3;2;38,4025619118955;11,40437197945492;comuna;13105;13105;NA
326521,0000;480000,0000;500000,0000;200000,0;500000;300000,0000;5,0000;3,000;4;2;36,6336133915410;12,15677970938385;comuna;13106;13106;NA
200000,0000;500000,0000;565667,0000;295000,0;600000;200000,0000;5,0000;3,000;4;2;36,9035037976428;12,27306435463804;comuna;13107;13107;NA
400000,0000;450000,0000;500000,0000;130000,0;458000;400000,0000;6,0000;3,000;5;3;34,0166961734069;13,22688971703708;comuna;13108;13108;NA
320803,0000;596113,5000;600000,0000;193000,0;650000;300000,0000;6,0000;3,000;5;3;38,7728690433895;12,79405031538454;comuna;13109;13109;NA
318088,0000;600000,0000;600000,0000;350000,0;650000;300000,0000;6,0000;3,000;5;3;39,3821371885490;12,59193745115305;comuna;13110;13110;NA
209778,0000;438889,0000;429843,0000;230000,0;480000;200000,0000;4,0000;2,000;3;2;40,7663785108642;10,70458808816618;comuna;13111;13111;NA
156000,0000;430000,0000;450000,0000;190000,0;450000;106006,0000;3,0000;2,000;3;2;36,4400325519481;10,23287956427394;comuna;13112;13112;NA
420917,0000;1000000,0000;1159167,0000;400000,0;1200000;400000,0000;8,0000;4,000;8;4;38,7811230513691;14,79302543101286;comuna;13113;13113;NA
743000,0000;1400000,0000;1500000,0000;600000,0;1500000;700000,0000;10,0000;5,000;9;5;42,3572021842489;15,58783918747427;comuna;13114;13114;NA
280000,0000;783605,0000;823605,0000;350000,0;700000;150000,0000;9,0000;5,000;8;4;35,6886933602082;14,06383199916831;comuna;13115;13115;NA
199778,0000;424000,0000;458000,0000;193000,0;450000;193917,0000;4,0000;2,000;3;2;39,6678708136312;10,42959944193576;comuna;13116;13116;NA
203917,0000;423805,0000;450000,0000;185000,0;450000;199778,0000;4,0000;2,000;3;2;39,4087449345751;11,36936853014144;comuna;13117;13117;NA
400000,0000;600000,0000;658333,0000;600000,0;650000;367000,0000;6,0000;3,000;6;3;38,9524069583724;13,37165590700947;comuna;13118;13118;NA
248179,0000;500000,0000;555000,0000;200000,0;550000;214393,0000;6,0000;3,000;5;3;38,0183264389514;12,42664462961877;comuna;13119;13119;NA
693470,0000;1200000,0000;1352000,0000;400000,0;1340000;660000,0000;9,0000;5,000;8;4;39,8210421908419;15,60763637508195;comuna;13120;13120;NA
243917,0000;450000,0000;480000,0000;205000,0;450000;230000,0000;5,0000;3,000;4;2;38,6566079357455;11,02831502937128;comuna;13121;13121;NA
273917,0000;500000,0000;510000,0000;248000,0;500000;260000,0000;6,0000;3,000;5;3;39,3683962037998;12,40974773342048;comuna;13122;13122;NA
1000000,0000;1500000,0000;1714071,0000;700000,0;1500000;953333,0000;10,0000;5,000;9;5;40,1601698733975;16,25641007499625;comuna;13123;13123;NA
236000,0000;500000,0000;550000,0000;170000,0;550000;200000,0000;6,0000;3,000;5;3;37,2902750396399;11,84711282590672;comuna;13124;13124;NA
208785,0000;480000,0000;500000,0000;200000,0;500000;200000,0000;5,0000;3,000;4;2;33,7724584990810;12,19940354897908;comuna;13125;13125;NA
400000,0000;500000,0000;500000,0000;120000,0;500000;400000,0000;6,0000;3,000;5;3;33,3877841819933;12,81401894451962;comuna;13126;13126;NA
260879,0000;450000,0000;500000,0000;200000,0;450000;240000,0000;5,0000;3,000;4;2;38,6190485933513;11,47486351650759;comuna;13127;13127;NA
193000,0000;440000,0000;463333,0000;188000,0;480000;150000,0000;4,0000;2,000;3;2;35,6726167052001;10,87586764441678;comuna;13128;13128;NA
270000,0000;480000,0000;502500,0000;288000,0;500000;230000,0000;5,0000;3,000;4;2;38,6698143266792;11,79086965796784;comuna;13129;13129;NA
421694,0000;620000,0000;700000,0000;215000,0;700000;408334,0000;7,0000;4,000;6;3;36,3476828714197;14,09351796981149;comuna;13130;13130;NA
223917,0000;450000,0000;500000,0000;170000,0;500000;204750,0000;4,0000;2,000;3;2;42,5765453903213;10,75368796878047;comuna;13131;13131;NA
950000,0000;2000000,0000;2000000,0000;650000,0;2000000;922250,0000;10,0000;5,000;9;5;43,0525792430380;16,23183513296114;comuna;13132;13132;NA
200000,0000;500000,0000;520000,0000;200000,0;520000;193917,0000;5,0000;3,000;4;2;36,6537267432646;12,03118632822764;comuna;13201;13201;NA
211671,0000;410000,0000;451667,0000;200000,0;450000;200000,0000;5,0000;3,000;4;2;36,1718832891252;11,90746093749988;comuna;13202;13202;NA
244051,0000;400000,0000;405000,0000;278000,0;500000;240000,0000;5,0000;3,000;4;2;40,3854757321956;11,44726827065726;comuna;13203;13203;NA
216667,0000;500000,0000;502500,0000;198000,0;500000;200000,0000;5,0000;3,000;4;2;33,3934032967822;11,55874538490720;comuna;13301;13301;NA
180000,0000;450000,0000;480000,0000;200000,0;480000;140000,0000;4,0000;2,000;4;2;34,1880975666715;10,89962950155571;comuna;13302;13302;NA
193917,0000;400000,0000;392000,0000;235000,0;400000;193917,0000;3,0000;2,000;2;1;43,5427369753979;9,55063222738564;comuna;13303;13303;NA
199917,0000;500000,0000;508333,0000;205000,0;550000;193917,0000;5,0000;3,000;4;2;35,5287731043491;11,61984892425988;comuna;13401;13401;NA
165000,0000;500000,0000;560000,0000;150000,0;600000;113408,0000;5,0000;3,000;4;2;32,5837803009191;12,41277612636229;comuna;13402;13402;NA
233935,0000;450000,0000;480000,0000;220000,0;450000;233333,0000;4,0000;2,000;3;2;42,5687537952902;10,24268203085722;comuna;13403;13403;NA
193935,0000;420000,0000;450000,0000;220000,0;450000;193917,0000;5,0000;3,000;4;2;36,5878322764642;10,89190139297804;comuna;13404;13404;NA
203917,0000;450000,0000;480000,0000;240000,0;460000;200000,0000;4,0000;2,000;4;2;38,8158810697718;10,95887124414489;comuna;13501;13501;NA
150000,0000;550000,0000;600000,0000;156000,0;600000;136586,0000;5,0000;3,000;4;2;37,1666450019499;9,91530486733436;comuna;13502;13502;NA
203945,0000;450000,0000;460000,0000;195000,0;450000;203945,0000;4,0000;2,000;3;2;41,3172765415053;10,91139198513803;comuna;13503;13503;NA
193917,0000;400000,0000;400000,0000;193000,0;400000;193917,0000;3,0000;2,000;3;2;43,3706952566598;9,46843776624592;comuna;13504;13504;NA
198310,0000;400000,0000;400000,0000;190000,0;400000;198084,0000;3,0000;2,000;3;2;44,6040535062830;8,73944767710354;comuna;13505;13505;NA
200000,0000;450000,0000;453333,0000;280000,0;450000;199778,0000;4,0000;2,000;4;2;37,4304642844426;11,51954302232605;comuna;13601;13601;NA
203917,0000;460000,0000;450000,0000;180000,0;500000;200000,0000;3,0000;2,000;3;2;37,1612388867414;10,75927400095544;comuna;13602;13602;NA
210000,0000;480000,0000;460000,0000;200000,0;500000;209095,0000;5,0000;3,000;4;2;37,7194502611498;10,07175024342761;comuna;13603;13603;NA
300000,0000;500000,0000;590000,0000;193000,0;520000;280000,0000;6,0000;3,000;5;3;36,2665212760557;11,37208218071051;comuna;13604;13604;NA
200000,0000;600000,0000;595833,0000;186000,0;654000;160000,0000;5,0000;3,000;4;2;37,4888719075354;11,96518097371539;comuna;13605;13605;NA
209269,0000;420000,0000;450000,0000;195000,0;470000;207000,0000;4,0000;2,000;4;2;36,4548586427518;10,45135135135139;comuna;1401;1401;NA
199778,0000;300000,0000;300000,0000;150000,0;700000;199778,0000;3,0000;2,000;4;2;36,8741865509761;9,34502369668247;comuna;1402;1402;NA
193917,0000;300000,0000;300000,0000;NA;450000;193917,0000;3,0000;2,000;3;2;40,2731305449936;7,20465890183029;comuna;1403;1403;NA
248089,0000;405000,0000;450000,0000;250000,0;480000;248089,0000;4,0000;2,000;4;2;42,4479065238559;9,36472404477036;comuna;1404;1404;NA
199778,0000;410000,0000;430000,0000;270000,0;500000;199778,0000;4,0000;2,000;4;2;36,4750809061486;11,24152277928021;comuna;1405;1405;NA
250000,0000;500000,0000;504167,0000;300000,0;500000;240000,0000;5,0000;3,000;6;3;39,0053990101801;12,26391580149707;comuna;14101;14101;NA
214171,0000;400000,0000;395000,0000;193000,0;450000;214171,0000;5,0000;3,000;5;3;42,0896539027984;10,05677816901407;comuna;14102;14102;NA
214171,0000;400000,0000;382917,0000;350000,0;420000;212726,0000;4,0000;2,000;5;3;41,0415642458100;10,23066240799892;comuna;14103;14103;NA
209778,0000;430000,0000;450000,0000;205000,0;460000;207171,0000;4,0000;2,000;5;3;41,9749585891065;9,00425085890640;comuna;14104;14104;NA
193935,0000;400000,0000;400000,0000;250000,0;430000;188333,0000;3,0000;2,000;4;2;39,5932845924721;10,18843404808316;comuna;14105;14105;NA
199778,0000;400000,0000;408500,0000;233000,0;400000;199778,0000;4,0000;2,000;4;2;36,9795470838781;10,11339092872577;comuna;14106;14106;NA
193935,0000;400000,0000;400000,0000;220000,0;400000;193935,0000;3,0000;2,000;4;2;37,7480850248949;9,80196721311477;comuna;14107;14107;NA
200000,0000;400000,0000;400000,0000;203000,0;400000;199778,0000;3,0000;2,000;4;2;39,7745341958312;9,70266479663384;comuna;14108;14108;NA
199778,0000;400000,0000;430000,0000;240000,0;450000;199778,0000;3,0000;2,000;4;2;38,9989913253985;10,36192703461180;comuna;14201;14201;NA
193935,0000;400000,0000;417333,0000;300000,0;400000;193935,0000;4,0000;2,000;4;2;37,7937643583852;9,89829116003943;comuna;14202;14202;NA
200000,0000;400000,0000;350000,0000;151000,0;400000;200000,0000;3,0000;2,000;3;2;40,7252405481580;9,02327848872637;comuna;14203;14203;NA
215221,0000;400000,0000;400000,0000;220000,0;400000;215120,0000;4,0000;2,000;5;3;40,4992109256454;10,05155659858457;comuna;14204;14204;NA
200000,0000;450000,0000;474167,0000;230000,0;500000;193917,0000;4,0000;2,000;5;3;36,5629632838896;12,04043548202346;comuna;15101;15101;NA
150081,0000;400000,0000;400000,0000;300000,0;400000;150081,0000;3,0000;2,000;3;2;37,1033091202583;10,43555555555556;comuna;15102;15102;NA
205917,0000;340000,0000;350000,0000;240000,0;560000;200080,0000;3,0000;2,000;3;2;38,7886669763122;9,45476624165151;comuna;15201;15201;NA
50000,0000;300000,0000;300000,0000;260000,0;650000;50000,0000;2,0000;1,000;2;1;40,2087087087087;10,56537102473498;comuna;15202;15202;NA
203917,0000;420000,0000;450000,0000;300000,0;450000;199796,0000;4,0000;2,000;6;3;39,9134585405675;11,54018645701761;comuna;16101;16101;NA
196917,0000;400000,0000;400000,0000;343000,0;400000;193935,0000;3,0000;2,000;4;2;39,5087819694501;10,35100558356369;comuna;16102;16102;NA
199070,0000;410000,0000;420000,0000;180000,0;410000;193935,0000;4,0000;2,000;5;3;39,4253742022267;10,92433407619653;comuna;16103;16103;NA
208667,0000;380000,0000;359250,0000;192000,0;400000;207952,0000;4,0000;2,000;5;3;42,9309360730600;8,98070486316211;comuna;16104;16104;NA
193935,0000;400000,0000;400000,0000;390000,0;400000;193917,0000;3,0000;2,000;4;2;43,3020579002442;8,93431060710829;comuna;16105;16105;NA
204000,0000;400000,0000;400000,0000;230000,0;400000;200000,0000;4,0000;2,000;6;3;40,6795126802585;10,45905341712493;comuna;16106;16106;NA
178861,0000;400000,0000;400000,0000;193000,0;400000;166667,0000;3,0000;2,000;4;2;43,4955733668603;10,70314726071743;comuna;16107;16107;NA
199778,0000;370000,0000;370000,0000;190000,0;400000;195000,0000;3,0000;2,000;5;3;44,6134681350428;9,18909066360629;comuna;16108;16108;NA
199778,0000;400000,0000;400000,0000;210000,0;400000;193935,0000;3,0000;2,000;5;3;42,3622190186350;10,28462826955291;comuna;16109;16109;NA
212244,0000;400000,0000;426923,0000;200000,0;419000;212057,0000;4,0000;2,000;5;3;43,2488754396008;9,18891977379473;comuna;16201;16201;NA
204750,0000;400000,0000;417500,0000;195000,0;480000;204750,0000;3,0000;2,000;4;2;49,6902132520945;9,16556714194507;comuna;16202;16202;NA
193917,0000;450000,0000;450000,0000;368000,0;450000;192680,0000;3,0000;2,000;4;2;41,0690369143399;9,96029649200058;comuna;16203;16203;NA
214171,0000;400000,0000;400000,0000;395000,0;450000;214171,0000;3,0000;2,000;5;3;42,2012637056312;9,57207207207208;comuna;16204;16204;NA
200000,0000;420000,0000;420000,0000;178000,0;420000;199778,0000;4,0000;2,000;5;3;47,0998159132746;9,91300323924110;comuna;16205;16205;NA
193917,0000;400000,0000;380000,0000;185000,0;400000;193917,0000;3,0000;2,000;4;2;46,2583929992044;9,60011217049918;comuna;16206;16206;NA
193917,0000;450000,0000;450000,0000;280000,0;450000;193000,0000;3,0000;2,000;4;2;42,8218320876065;9,05345528455285;comuna;16207;16207;NA
199778,0000;400000,0000;400000,0000;220000,0;400000;193935,0000;3,0000;2,000;4;2;41,5282839486613;10,11292280643024;comuna;16301;16301;NA
198861,0000;380000,0000;370000,0000;180000,0;400000;190861,0000;3,0000;2,000;5;3;41,1525623677181;8,93528580084832;comuna;16302;16302;NA
193935,0000;400000,0000;400000,0000;270000,0;380000;193917,0000;2,0000;1,000;4;2;46,0438550875367;8,60181910055584;comuna;16303;16303;NA
207736,0000;400000,0000;436886,0000;200000,0;400000;200000,0000;3,0000;2,000;4;2;46,9871226514673;9,51246819338424;comuna;16304;16304;NA
193935,0000;400000,0000;400000,0000;178000,0;400000;193917,0000;3,0000;2,000;4;2;41,1244843484593;9,85827775598275;comuna;16305;16305;NA
230000,0000;600000,0000;600000,0000;250000,0;650000;200000,0000;6,0000;3,000;5;3;36,0400801009701;12,23784367189220;comuna;2101;2101;NA
193917,0000;500000,0000;620000,0000;320000,0;600000;193917,0000;5,0000;3,000;4;2;32,6750112910507;11,64061315589990;comuna;2102;2102;NA
230000,0000;600000,0000;600000,0000;150000,0;600000;230000,0000;6,0000;3,000;6;3;36,3892617449664;11,00000000000000;comuna;2103;2103;NA
193917,0000;500000,0000;500000,0000;350000,0;600000;193917,0000;5,0000;3,000;4;2;37,0969343696030;10,48068064303850;comuna;2104;2104;NA
200000,0000;600000,0000;608750,0000;200000,0;600000;170000,0000;5,0000;3,000;5;3;35,1675840256312;11,83721203957363;comuna;2201;2201;NA
240000,0000;500000,0000;500000,0000;400000,0;500000;195000,0000;5,0000;3,000;4;2;34,2815408718092;11,48328805952518;comuna;2203;2203;NA
140000,0000;431586,0000;432363,0000;213000,0;600000;27736,0000;4,0000;2,000;3;2;38,3155904287285;10,71943905450687;comuna;2301;2301;NA
360000,0000;530000,0000;600000,0000;130000,0;550000;299000,0000;6,0000;3,000;6;3;37,0279447115384;11,87495327102802;comuna;2302;2302;NA
200000,0000;516000,0000;562500,0000;220000,0;600000;195000,0000;5,0000;3,000;5;3;35,3744654541702;11,86956108266282;comuna;3101;3101;NA
269000,0000;467000,0000;500000,0000;265000,0;520000;260000,0000;5,0000;3,000;5;3;40,5144821311230;11,18698939153765;comuna;3102;3102;NA
177179,0000;500000,0000;501667,0000;220000,0;520000;127736,0000;4,0000;2,000;4;2;34,6999236800111;10,19695852534563;comuna;3103;3103;NA
193917,0000;500000,0000;500000,0000;280000,0;560000;193917,0000;4,0000;2,000;4;2;39,0902984505001;11,01739634676719;comuna;3201;3201;NA
203917,0000;600000,0000;600000,0000;265000,0;700000;200000,0000;5,0000;3,000;5;3;35,6144672392988;11,51074736936770;comuna;3202;3202;NA
198917,0000;450000,0000;499083,0000;200000,0;500000;197917,0000;4,0000;2,000;4;2;39,5619017676236;10,67932873682842;comuna;3301;3301;NA
200000,0000;380000,0000;400000,0000;200000,0;400000;200000,0000;3,0000;2,000;3;2;47,6048163548168;8,84250703093613;comuna;3302;3302;NA
193917,0000;410000,0000;500000,0000;198000,0;600000;193917,0000;4,0000;2,000;4;2;41,3819979455574;9,51951814577616;comuna;3303;3303;NA
197917,0000;410000,0000;450000,0000;320000,0;580000;197917,0000;4,0000;2,000;4;2;40,3606999825873;10,68675595238106;comuna;3304;3304;NA
209778,0000;550000,0000;599583,0000;280000,0;600000;200000,0000;5,0000;3,000;5;3;36,9964695634151;12,19316394895613;comuna;4101;4101;NA
200000,0000;500000,0000;500000,0000;193197,0;500000;193917,0000;4,0000;2,000;5;3;41,1424178953182;11,50238317111147;comuna;4102;4102;NA
61318,0000;420000,0000;450000,0000;145000,0;450000;44154,0000;3,0000;2,000;3;2;34,0671742808811;10,36408335284495;comuna;4103;4103;NA
238089,0000;400000,0000;450000,0000;193000,0;400000;238089,0000;4,0000;2,000;5;3;45,3619809016211;8,59908577574618;comuna;4104;4104;NA
203917,0000;400000,0000;450000,0000;175000,0;400000;203917,0000;3,0000;2,000;3;2;39,0786277434476;10,38640087383944;comuna;4105;4105;NA
203935,0000;400000,0000;443333,0000;180000,0;460000;203935,0000;4,0000;2,000;5;3;41,1529509009755;10,98385200282207;comuna;4106;4106;NA
204171,0000;500000,0000;500000,0000;220000,0;550000;197917,0000;4,0000;2,000;4;2;42,9552926903234;10,08159385852682;comuna;4201;4201;NA
199778,0000;400000,0000;400000,0000;330000,0;400000;199778,0000;3,0000;2,000;4;2;47,2849800713238;9,11619634811471;comuna;4202;4202;NA
204167,0000;400000,0000;426667,0000;193000,0;480000;200000,0000;4,0000;2,000;5;3;39,5083298625584;10,62618450033296;comuna;4203;4203;NA
199778,0000;500000,0000;480000,0000;390000,0;600000;199778,0000;4,0000;2,000;5;3;41,2382029298586;10,28565060582735;comuna;4204;4204;NA
193917,0000;400000,0000;405000,0000;193000,0;400000;160000,0000;4,0000;2,000;4;2;35,6305016266561;10,83362083298699;comuna;4301;4301;NA
196426,0000;400000,0000;400000,0000;350000,0;400000;193935,0000;3,0000;2,000;4;2;50,0423570090766;8,97321714102980;comuna;4302;4302;NA
193917,0000;380000,0000;380000,0000;210000,0;400000;193917,0000;3,0000;2,000;4;2;44,2418026513176;8,66712657032892;comuna;4303;4303;NA
140000,0000;441485,0000;430000,0000;295000,0;600000;96958,0000;3,0000;2,000;3;2;37,6913520490478;9,62154076290204;comuna;4304;4304;NA
204720,0000;400000,0000;400000,0000;200000,0;410000;203000,0000;4,0000;2,000;5;3;43,8039260969976;9,23040380047510;comuna;4305;4305;NA
224750,0000;400000,0000;441333,0000;209000,0;460000;209778,0000;5,0000;3,000;5;3;40,3360456803095;12,09765540322172;comuna;5101;5101;NA
200000,0000;400000,0000;400000,0000;280000,0;400000;199778,0000;4,0000;2,000;5;3;38,9936384225956;10,95015337423308;comuna;5102;5102;NA
389778,0000;550000,0000;600000,0000;600000,0;550000;360000,0000;6,0000;3,000;7;4;42,2911162308978;13,42707120805693;comuna;5103;5103;NA
230000,0000;410000,0000;445150,0000;200000,0;500000;200000,0000;5,0000;3,000;5;3;41,6223483573041;11,18566145092466;comuna;5105;5105;NA
233393,0000;410000,0000;448333,0000;500000,0;500000;225325,0000;5,0000;3,000;5;3;39,1615060097114;11,58409584622461;comuna;5107;5107;NA
250000,0000;500000,0000;500000,0000;300000,0;500000;224861,0000;5,0000;3,000;6;3;40,6517634073610;12,53455104410215;comuna;5109;5109;NA
217834,0000;420000,0000;477917,0000;300000,0;450000;208667,0000;5,0000;3,000;5;3;36,6128313103794;11,92105074797774;comuna;5301;5301;NA
150000,0000;400000,0000;416667,0000;185000,0;420000;76178,0000;3,0000;2,000;3;2;32,6488793403786;10,98421947074535;comuna;5302;5302;NA
193917,0000;500000,0000;500000,0000;220000,0;500000;193917,0000;3,0000;2,000;4;2;37,8040938166313;10,68517902671537;comuna;5303;5303;NA
200000,0000;400000,0000;400000,0000;192000,0;400000;200000,0000;4,0000;2,000;5;3;42,1559129700834;10,48543309288166;comuna;5304;5304;NA
193917,0000;400000,0000;400833,0000;280000,0;450000;193000,0000;4,0000;2,000;4;2;38,1206015667978;10,71414518984879;comuna;5401;5401;NA
200000,0000;400000,0000;400000,0000;193000,0;400000;193917,0000;3,0000;2,000;3;2;39,0366388661239;10,25036505232427;comuna;5402;5402;NA
218861,0000;450000,0000;450000,0000;213000,0;450000;218861,0000;4,0000;2,000;4;2;42,2370078740158;9,94427304280756;comuna;5403;5403;NA
203917,0000;400000,0000;400000,0000;220000,0;500000;200000,0000;4,0000;2,000;4;2;41,2814856711915;10,35182285842095;comuna;5404;5404;NA
320254,0000;450000,0000;450000,0000;200000,0;450000;250000,0000;6,0000;3,000;6;3;39,8633268482490;11,11956847467785;comuna;5405;5405;NA
212019,0000;400000,0000;404167,0000;193000,0;400000;208667,0000;4,0000;2,000;4;2;38,9045350131900;11,51032170571828;comuna;5501;5501;NA
197393,0000;410000,0000;414167,0000;185000,0;410000;193917,0000;4,0000;2,000;4;2;37,0873104371095;11,03088172653705;comuna;5502;5502;NA
180000,0000;400000,0000;416667,0000;170000,0;440000;180000,0000;3,0000;2,000;3;2;36,2648321522781;10,77113062568606;comuna;5503;5503;NA
201917,0000;430000,0000;430000,0000;350000,0;480000;193935,0000;5,0000;3,000;6;3;41,3025675324193;12,30996175560013;comuna;5504;5504;NA
200000,0000;400000,0000;404000,0000;310000,0;420000;150000,0000;4,0000;2,000;4;2;42,1322065489050;10,36415658074637;comuna;5506;5506;NA
211096,0000;400000,0000;430000,0000;200000,0;400000;203935,0000;4,0000;2,000;4;2;41,6084350268060;10,99902105945825;comuna;5601;5601;NA
220000,0000;400000,0000;442477,0000;350000,0;400000;209796,0000;4,0000;2,000;4;2;42,5652533214673;11,66757613745299;comuna;5602;5602;NA
238179,0000;400000,0000;400000,0000;250000,0;400000;238179,0000;3,0000;2,000;3;2;44,3191296121102;10,72538002526241;comuna;5603;5603;NA
233917,0000;450000,0000;450000,0000;193000,0;450000;233917,0000;3,0000;2,000;4;2;44,8658569647025;11,62282615470908;comuna;5604;5604;NA
280000,0000;400000,0000;400000,0000;200000,0;430000;280000,0000;4,0000;2,000;5;3;44,7704609595487;11,61604538087519;comuna;5605;5605;NA
300000,0000;500000,0000;500000,0000;180000,0;500000;300000,0000;6,0000;3,000;6;3;42,2435969944251;11,56012570477865;comuna;5606;5606;NA
215489,0000;450000,0000;458900,0000;230000,0;465000;209393,0000;4,0000;2,000;5;3;37,8170962540598;11,53706042002293;comuna;5701;5701;NA
193935,0000;420000,0000;404167,0000;250000,0;420000;180000,0000;3,0000;2,000;3;2;40,1845360824746;9,11893316793292;comuna;5702;5702;NA
199778,0000;400000,0000;400000,0000;270000,0;450000;199778,0000;4,0000;2,000;4;2;41,1310990271145;10,31028591979861;comuna;5703;5703;NA
250000,0000;400000,0000;404167,0000;250000,0;400000;246750,0000;5,0000;3,000;5;3;42,1531914893617;9,65047534165188;comuna;5704;5704;NA
200000,0000;400000,0000;400000,0000;337000,0;400000;185498,0000;4,0000;2,000;5;3;41,1790727587944;11,08700784667742;comuna;5705;5705;NA
203000,0000;420000,0000;420000,0000;280000,0;420000;199618,0000;3,0000;2,000;3;2;37,9771288665954;10,25678379892742;comuna;5706;5706;NA
217833,0000;500000,0000;505000,0000;350000,0;520000;200000,0000;5,0000;3,000;6;3;39,8131873911567;12,85467964624269;comuna;5801;5801;NA
213778,0000;400000,0000;415000,0000;280000,0;400000;194393,0000;4,0000;2,000;5;3;41,1325227963520;11,14587864158874;comuna;5802;5802;NA
208310,0000;400000,0000;412500,0000;700000,0;408000;199778,0000;4,0000;2,000;4;2;41,3323942244807;10,40607473690838;comuna;5803;5803;NA
200000,0000;474275,0000;500000,0000;300000,0;500000;200000,0000;5,0000;3,000;5;3;39,7487145371630;12,44723877128492;comuna;5804;5804;NA
234667,0000;450000,0000;500000,0000;250000,0;500000;210581,0000;5,0000;3,000;5;3;37,0638516916797;11,89724596740783;comuna;6101;6101;NA
209778,0000;420000,0000;450000,0000;210000,0;450000;207750,0000;4,0000;2,000;4;2;40,5411324416110;10,27457431932217;comuna;6102;6102;NA
190000,0000;430000,0000;450000,0000;250000,0;430000;154357,0000;4,0000;2,000;4;2;40,3543237807949;10,24798785117694;comuna;6103;6103;NA
200000,0000;450000,0000;450000,0000;200000,0;450000;199861,0000;4,0000;2,000;5;3;40,3131155801916;9,72972972972973;comuna;6104;6104;NA
193917,0000;450000,0000;450000,0000;203000,0;500000;193917,0000;4,0000;2,000;5;3;38,9548265200958;10,53022702590881;comuna;6105;6105;NA
243917,0000;450000,0000;480000,0000;177000,0;500000;243917,0000;5,0000;3,000;5;3;37,2286786626909;11,17172870518380;comuna;6106;6106;NA
215235,0000;420000,0000;450000,0000;255000,0;420000;209778,0000;5,0000;3,000;5;3;42,5246956458160;9,94703251856036;comuna;6107;6107;NA
203917,0000;700000,0000;700000,0000;310000,0;750000;200000,0000;6,0000;3,000;7;4;35,8943722393469;12,82928014579340;comuna;6108;6108;NA
238089,0000;400000,0000;465000,0000;450000,0;400000;236069,0000;5,0000;3,000;6;3;42,0254558204772;9,55240578734861;comuna;6109;6109;NA
206092,0000;400000,0000;426166,0000;200000,0;409000;205976,5000;5,0000;3,000;5;3;39,8704703708965;10,05806312148732;comuna;6110;6110;NA
214528,0000;500000,0000;500000,0000;170000,0;500000;214528,0000;4,0000;2,000;5;3;38,9711596638651;10,66135757171445;comuna;6111;6111;NA
193917,0000;500000,0000;535167,0000;180000,0;500000;168750,0000;4,0000;2,000;5;3;37,1681557540999;10,68871374014792;comuna;6112;6112;NA
203917,0000;420000,0000;450000,0000;250000,0;420000;200000,0000;4,0000;2,000;4;2;45,1574453877714;9,17578534754052;comuna;6113;6113;NA
203917,0000;400000,0000;480000,0000;193000,0;420000;203917,0000;3,0000;2,000;4;2;45,1998867497169;10,62113232389732;comuna;6114;6114;NA
274565,0000;430000,0000;500000,0000;193000,0;450000;224014,0000;5,0000;3,000;6;3;39,8537769922389;10,54797694289467;comuna;6115;6115;NA
211096,0000;430000,0000;480000,0000;280000,0;450000;211096,0000;4,0000;2,000;5;3;38,0587142445306;10,07770270270284;comuna;6116;6116;NA
193917,0000;450000,0000;450000,0000;200000,0;450000;193917,0000;4,0000;2,000;4;2;43,9936705185529;9,77270329166150;comuna;6117;6117;NA
209778,0000;500000,0000;500000,0000;380000,0;500000;209778,0000;5,0000;3,000;5;3;46,7324920110492;10,57169564404565;comuna;6201;6201;NA
229590,0000;498000,0000;500000,0000;290000,0;500000;229590,0000;5,0000;3,000;5;3;43,7844772289931;10,68571428571427;comuna;6202;6202;NA
209778,0000;550000,0000;550000,0000;170000,0;500000;200000,0000;4,0000;2,000;4;2;45,8809005083516;9,56026380873865;comuna;6203;6203;NA
240000,0000;450000,0000;486667,0000;193000,0;450000;217735,0000;4,0000;2,000;5;3;42,0266753415745;10,34624922504654;comuna;6204;6204;NA
60000,0000;420000,0000;420000,0000;NA;400000;44154,0000;2,0000;1,000;3;2;41,6960965223560;9,01271696167726;comuna;6205;6205;NA
224974,0000;400000,0000;400000,0000;NA;400000;224974,0000;2,0000;1,000;2;1;47,7770720863764;7,87403029183604;comuna;6206;6206;NA
219778,0000;460000,0000;500000,0000;220000,0;500000;217171,0000;4,0000;2,000;5;3;40,1633225673696;11,33540894797476;comuna;6301;6301;NA
207534,0000;430000,0000;453333,0000;197000,0;430000;203935,0000;4,0000;2,000;4;2;43,2342000497639;9,52765927189976;comuna;6302;6302;NA
214171,0000;400000,0000;408585,0000;222852,0;420000;209861,0000;4,0000;2,000;4;2;42,0953142198226;9,40124053236917;comuna;6303;6303;NA
209778,0000;400000,0000;420000,0000;255000,0;400000;209778,0000;4,0000;2,000;4;2;45,4807718256644;9,21817038667085;comuna;6304;6304;NA
228167,0000;400000,0000;400000,0000;270000,0;400000;228167,0000;4,0000;2,000;5;3;39,2669982565888;9,80308546744830;comuna;6305;6305;NA
218667,0000;400000,0000;400000,0000;267000,0;400000;218667,0000;4,0000;2,000;4;2;45,6459770114949;9,26645984143400;comuna;6306;6306;NA
216417,0000;500000,0000;500000,0000;216000,0;500000;213917,0000;4,0000;2,000;4;2;44,3102676721635;8,74254876720462;comuna;6307;6307;NA
218667,0000;420000,0000;421667,0000;166000,0;420000;218667,0000;3,0000;2,000;4;2;43,8638579010070;8,48931355292939;comuna;6308;6308;NA
193917,0000;400000,0000;400000,0000;175000,0;410000;193917,0000;3,0000;2,000;3;2;45,0627840909090;8,49266759776535;comuna;6309;6309;NA
226917,0000;400000,0000;400000,0000;209000,0;420000;223060,0000;4,0000;2,000;4;2;44,6166678565465;10,03859272707266;comuna;6310;6310;NA
220000,0000;450000,0000;480000,0000;200000,0;480000;209778,0000;5,0000;3,000;6;3;37,8377124163926;12,15690396803106;comuna;7101;7101;NA
198328,0000;400000,0000;430000,0000;193000,0;450000;198000,0000;4,0000;2,000;5;3;39,3163810503817;10,20223693220713;comuna;7102;7102;NA
209778,0000;330000,0000;330000,0000;300000,0;385000;209778,0000;3,0000;2,000;3;2;47,8784046692610;7,94268749193242;comuna;7103;7103;NA
193000,0000;400000,0000;400000,0000;193000,0;400000;193000,0000;3,0000;2,000;4;2;37,1986154213416;9,21096296296297;comuna;7104;7104;NA
193935,0000;450000,0000;500000,0000;193000,0;500000;181380,0000;4,0000;2,000;5;3;34,4136811293712;11,65529198518402;comuna;7105;7105;NA
199778,0000;400000,0000;400000,0000;220000,0;400000;193935,0000;4,0000;2,000;4;2;39,4025820333512;9,35961538461536;comuna;7106;7106;NA
211861,0000;385000,0000;385000,0000;250000,0;400000;208861,0000;3,0000;2,000;3;2;46,5164057971014;8,30249396621071;comuna;7107;7107;NA
208667,0000;400000,0000;438333,5000;200000,0;400000;206935,0000;4,0000;2,000;6;3;42,1494859126718;9,53900709219860;comuna;7108;7108;NA
184373,0000;400000,0000;400000,0000;193000,0;400000;184373,0000;3,0000;2,000;4;2;38,5616866655399;9,24002788320041;comuna;7109;7109;NA
204861,0000;400000,0000;420000,0000;193000,0;400000;198861,0000;3,0000;2,000;4;2;39,8084815321476;9,19949335022171;comuna;7110;7110;NA
193935,0000;400000,0000;400000,0000;193000,0;400000;193935,0000;3,0000;2,000;4;2;42,0835513259974;9,44239991378842;comuna;7201;7201;NA
150000,0000;400000,0000;400000,0000;193000,0;400000;150000,0000;3,0000;2,000;4;2;42,0410206718346;8,86988193921131;comuna;7202;7202;NA
195000,0000;380000,0000;380000,0000;193000,0;400000;193935,0000;3,0000;2,000;4;2;42,4939193257071;9,83383426363244;comuna;7203;7203;NA
200000,0000;400000,0000;448000,0000;193000,0;410000;193917,0000;4,0000;2,000;5;3;38,2896109986517;11,01832782102564;comuna;7301;7301;NA
209778,0000;400000,0000;400000,0000;200000,0;400000;203935,0000;4,0000;2,000;5;3;39,9625464502253;9,90602352382080;comuna;7302;7302;NA
230058,0000;400000,0000;441667,0000;193000,0;400000;199796,0000;5,0000;3,000;6;3;45,9316654753394;9,84934678352905;comuna;7303;7303;NA
200000,0000;400000,0000;410000,0000;170000,0;400000;199778,0000;4,0000;2,000;5;3;39,1939989451272;9,92667536472530;comuna;7304;7304;NA
199889,0000;400000,0000;410000,0000;158000,0;400000;199778,0000;3,0000;2,000;4;2;41,3168916580132;9,17236788201564;comuna;7305;7305;NA
228000,0000;450000,0000;450000,0000;228000,0;450000;208861,0000;5,0000;3,000;6;3;36,3618211342994;10,09415195931799;comuna;7306;7306;NA
220581,0000;400000,0000;410833,0000;180000,0;400000;214528,0000;4,0000;2,000;5;3;41,9506336200323;8,91343229103286;comuna;7307;7307;NA
203945,0000;400000,0000;403333,0000;193000,0;400000;203917,0000;3,0000;2,000;4;2;42,6508274306775;8,65617813889319;comuna;7308;7308;NA
214528,0000;400000,0000;375000,0000;170000,0;450000;193917,0000;3,0000;2,000;4;2;44,9138645785353;9,03379667484328;comuna;7309;7309;NA
210000,0000;420000,0000;450000,0000;210000,0;430000;208667,0000;4,0000;2,000;5;3;40,5211240234752;11,02659806195599;comuna;7401;7401;NA
183000,0000;400000,0000;400000,0000;176096,0;400000;181957,0000;3,0000;2,000;4;2;39,9609547282402;9,12897553912190;comuna;7402;7402;NA
200000,0000;400000,0000;400000,0000;200000,0;400000;200000,0000;4,0000;2,000;5;3;43,7015091056368;9,68858167275743;comuna;7403;7403;NA
193917,0000;410000,0000;410000,0000;185000,0;420000;193917,0000;3,0000;2,000;4;2;40,7923109252972;10,53236110736710;comuna;7404;7404;NA
193935,0000;400000,0000;400000,0000;184000,0;400000;193935,0000;3,0000;2,000;4;2;45,1546759215829;8,22149695387303;comuna;7405;7405;NA
201667,0000;400000,0000;410000,0000;200000,0;410000;193935,0000;4,0000;2,000;5;3;40,3668651889250;9,95426478529332;comuna;7406;7406;NA
209628,0000;400000,0000;400000,0000;193197,0;400000;200000,0000;4,0000;2,000;5;3;42,2699293642787;9,29459043891529;comuna;7407;7407;NA
193000,0000;400000,0000;400000,0000;213605,0;400000;193000,0000;3,0000;2,000;4;2;38,3623780581239;9,34841224202927;comuna;7408;7408;NA
276386,0000;500000,0000;558333,0000;360000,0;540000;258861,0000;5,0000;3,000;6;3;39,4464981073668;13,27733946803121;comuna;8101;8101;NA
113892,0000;480000,0000;507500,0000;193600,0;500000;100000,0000;4,0000;2,000;5;3;33,7130685818904;11,53297623033128;comuna;8102;8102;NA
204171,0000;500000,0000;506667,0000;290000,0;550000;204171,0000;5,0000;3,000;6;3;38,3857934464854;12,58037836168591;comuna;8103;8103;NA
150000,0000;400000,0000;400000,0000;NA;410000;150000,0000;3,0000;2,000;3;2;41,4851776991748;8,90584415584418;comuna;8104;8104;NA
193917,0000;400000,0000;400000,0000;190000,0;440000;190000,0000;3,0000;2,000;3;2;41,9972506779143;9,73542786275326;comuna;8105;8105;NA
200000,0000;400000,0000;400000,0000;300000,0;400000;200000,0000;3,0000;2,000;4;2;42,6033143107985;10,12331470754088;comuna;8106;8106;NA
219113,0000;400000,0000;404167,0000;193000,0;400000;208975,0000;4,0000;2,000;5;3;44,2658680243572;11,27148500298575;comuna;8107;8107;NA
205833,0000;600000,0000;600000,0000;350000,0;650000;204171,0000;5,0000;3,000;6;3;35,9257832188242;12,92261849880556;comuna;8108;8108;NA
150000,0000;400000,0000;370000,0000;300000,0;420000;150000,0000;3,0000;2,000;4;2;37,0175686591274;10,54873407248071;comuna;8109;8109;NA
209254,0000;500000,0000;500000,0000;320000,0;500000;200000,0000;5,0000;3,000;5;3;41,2880844740918;11,95906734224924;comuna;8110;8110;NA
199778,0000;400000,0000;410000,0000;250000,0;410000;199778,0000;4,0000;2,000;4;2;41,0785217833524;10,99123101451709;comuna;8111;8111;NA
230563,0000;500000,0000;504167,0000;278000,0;500000;222171,0000;5,0000;3,000;6;3;40,6891521401087;12,06515398264515;comuna;8112;8112;NA
193917,0000;360000,0000;362500,0000;400000,0;400000;193000,0000;3,0000;2,000;4;2;37,4638290031324;10,46293687224474;comuna;8201;8201;NA
193935,0000;400000,0000;450000,0000;400000,0;480000;193935,0000;3,0000;2,000;4;2;38,4615107543483;10,57204839118333;comuna;8202;8202;NA
137269,0000;350000,0000;340000,0000;185000,0;400000;137269,0000;2,0000;1,000;3;2;39,9217237403125;9,32667608317186;comuna;8203;8203;NA
199778,0000;360000,0000;350000,0000;230000,0;400000;199778,0000;3,0000;2,000;4;2;43,5999370970279;9,56482546988875;comuna;8204;8204;NA
193917,0000;400000,0000;400000,0000;200000,0;400000;193917,0000;4,0000;2,000;4;2;41,7875556079308;9,46566825816661;comuna;8205;8205;NA
193917,0000;400000,0000;413334,0000;190000,0;400000;161196,0000;4,0000;2,000;4;2;39,4943219187093;9,95087945087948;comuna;8206;8206;NA
106000,0000;400000,0000;377667,0000;180000,0;400000;106000,0000;2,0000;1,000;3;2;39,8698753837820;9,52105923981277;comuna;8207;8207;NA
198083,0000;445000,0000;450000,0000;195000,0;450000;193917,0000;4,0000;2,000;5;3;38,0212263406759;11,02405262291617;comuna;8301;8301;NA
193935,0000;460000,0000;450000,0000;140000,0;500000;193935,0000;3,0000;2,000;3;2;44,9557563122539;9,65115020297699;comuna;8302;8302;NA
193917,0000;420000,0000;450000,0000;400000,0;450000;153732,0000;3,0000;2,000;4;2;40,1758358908083;9,82597065418347;comuna;8303;8303;NA
203935,0000;416000,0000;510000,0000;300000,0;500000;200000,0000;4,0000;2,000;4;2;45,0454070326544;9,61854557936532;comuna;8304;8304;NA
177673,0000;400000,0000;400000,0000;320000,0;400000;150000,0000;3,0000;2,000;3;2;37,0965098341686;9,76417922540931;comuna;8305;8305;NA
167221,0000;420000,0000;410000,0000;200000,0;475000;110914,0000;3,0000;2,000;4;2;38,8421127816865;10,42919913027727;comuna;8306;8306;NA
200611,0000;400000,0000;400000,0000;200000,0;410000;199778,0000;3,0000;2,000;4;2;47,0995535290207;8,55144728502007;comuna;8307;8307;NA
194016,0000;400000,0000;400000,0000;200000,0;400000;194016,0000;3,0000;2,000;3;2;40,2281750777325;9,16714947856316;comuna;8308;8308;NA
190000,0000;400000,0000;400000,0000;140000,0;408000;186521,0000;3,0000;2,000;3;2;42,5090454772612;9,85846438482881;comuna;8309;8309;NA
203861,0000;350000,0000;350000,0000;NA;490000;203861,0000;3,0000;2,000;4;2;46,6855222626715;9,62360876897137;comuna;8310;8310;NA
193000,0000;407000,0000;409500,0000;221000,0;407000;193000,0000;2,0000;1,000;3;2;41,6027023338343;9,37801860226979;comuna;8311;8311;NA
199778,0000;400000,0000;403333,0000;180000,0;450000;197997,0000;4,0000;2,000;5;3;42,9088304245896;10,43905183407090;comuna;8312;8312;NA
204768,0000;400000,0000;412500,0000;320000,0;450000;203917,0000;4,0000;2,000;4;2;42,0540979172301;9,81446523919963;comuna;8313;8313;NA
76193,0000;400000,0000;320000,0000;200000,0;400000;76193,0000;2,0000;1,000;3;2;34,2420664206642;8,76116201988692;comuna;8314;8314;NA
202118,0000;450000,0000;500000,0000;250000,0;500000;199778,0000;4,0000;2,000;6;3;38,1817252171393;12,24671381971997;comuna;9101;9101;NA
193917,0000;300000,0000;250000,0000;190000,0;370000;173261,0000;2,0000;1,000;3;2;46,3436679339948;8,91022314478461;comuna;9102;9102;NA
154736,0000;400000,0000;400000,0000;193000,0;410000;76103,0000;3,0000;2,000;4;2;38,3658901001599;10,41751234229298;comuna;9103;9103;NA
195000,0000;384000,0000;350000,0000;184000,0;400000;194000,0000;3,0000;2,000;4;2;39,5165199642810;8,99241603466957;comuna;9104;9104;NA
150000,0000;400000,0000;400000,0000;290000,0;400000;129032,0000;2,0000;1,000;4;2;40,8485716528020;9,58775373420146;comuna;9105;9105;NA
127826,0000;350000,0000;330000,0000;250000,0;400000;127826,0000;3,0000;2,000;4;2;38,9276582228217;8,55746176105831;comuna;9106;9106;NA
193935,0000;387273,0000;365000,0000;230000,0;450000;150000,0000;3,0000;2,000;5;3;42,4735586481116;10,44717710750197;comuna;9107;9107;NA
199778,0000;400000,0000;410000,0000;305000,0;400000;199778,0000;3,0000;2,000;5;3;37,9744090689817;10,45805138032189;comuna;9108;9108;NA
193935,0000;500000,0000;500000,0000;193917,0;500000;166333,0000;3,0000;2,000;5;3;42,1256660746004;10,59970894751659;comuna;9109;9109;NA
180652,0000;400000,0000;365250,0000;240000,0;450000;154000,0000;2,0000;1,000;4;2;42,9403269322328;10,13273832130646;comuna;9110;9110;NA
154393,0000;375218,0000;350000,0000;193000,0;400000;100000,0000;3,0000;2,000;4;2;38,9557548140535;10,41189346953667;comuna;9111;9111;NA
150611,0000;400000,0000;404050,0000;202000,0;450000;127221,0000;3,0000;2,000;5;3;39,5327431525169;10,65778022743087;comuna;9112;9112;NA
150000,0000;340000,0000;380000,0000;193000,0;400000;150000,0000;2,0000;1,000;3;2;40,4122589531678;9,40081314585802;comuna;9113;9113;NA
180000,0000;400000,0000;400000,0000;193000,0;400000;148075,0000;3,0000;2,000;5;3;39,0825035023279;10,38933158338794;comuna;9114;9114;NA
204500,0000;450000,0000;500000,0000;170000,0;500000;203935,0000;4,0000;2,000;6;3;39,9603781042088;11,43228714386142;comuna;9115;9115;NA
127736,0000;360000,0000;200000,0000;170000,0;360000;100000,0000;2,0000;1,000;3;2;42,9878854625550;7,88612997090210;comuna;9116;9116;NA
120000,0000;343000,0000;200000,0000;170000,0;400000;70914,0000;2,0000;1,000;2;1;42,2625903843708;8,74546912590219;comuna;9117;9117;NA
140000,0000;380000,0000;300000,0000;220000,0;380000;100000,0000;1,0000;1,000;2;1;43,0532852564103;9,16496558272014;comuna;9118;9118;NA
193917,0000;400000,0000;400000,0000;250000,0;400000;193917,0000;3,0000;2,000;5;3;39,5708605954360;9,87306394724745;comuna;9119;9119;NA
192000,0000;430000,0000;460470,0000;193000,0;450000;180000,0000;4,0000;2,000;5;3;35,2229599307787;11,24206392024012;comuna;9120;9120;NA
60000,0000;303552,0000;233333,0000;193000,0;400000;56521,0000;2,0000;1,000;3;2;37,8241907191833;8,95232959447796;comuna;9121;9121;NA
198861,0000;450000,0000;460000,0000;193000,0;450000;191398,0000;4,0000;2,000;6;3;40,1475398242600;11,09719259322475;comuna;9201;9201;NA
188000,0000;400000,0000;401667,0000;225870,0;400000;184000,0000;4,0000;2,000;6;3;39,0212717638151;9,48815120406790;comuna;9202;9202;NA
199778,0000;430000,0000;450000,0000;325000,0;450000;130000,0000;4,0000;2,000;6;3;42,2578768251176;9,98304864584012;comuna;9203;9203;NA
111667,0000;400000,0000;230000,0000;180000,0;400000;111667,0000;2,0000;1,000;3;2;40,9276807980044;8,82813174169427;comuna;9204;9204;NA
199778,0000;360000,0000;350000,0000;210000,0;400000;199778,0000;2,0000;1,000;4;2;40,1250338051018;9,02760600706706;comuna;9205;9205;NA
107826,0000;400000,0000;401667,0000;193917,0;400000;101028,0000;3,0000;2,000;4;2;38,9994663820703;9,09552481692431;comuna;9206;9206;NA
193917,0000;400000,0000;400000,0000;193000,0;400000;178846,0000;3,0000;2,000;4;2;44,3574942274872;7,94974874371863;comuna;9207;9207;NA
193935,0000;400000,0000;400000,0000;185000,0;400000;193935,0000;3,0000;2,000;5;3;42,0806557917285;9,32721922511035;comuna;9208;9208;NA
135736,0000;400000,0000;425000,0000;163000,0;400000;134861,0000;3,0000;2,000;5;3;37,4770046630701;9,36907020872867;comuna;9209;9209;NA
174750,0000;400000,0000;400000,0000;195000,0;400000;150000,0000;3,0000;2,000;4;2;41,8899605890894;10,06737544813941;comuna;9210;9210;NA
150000,0000;400000,0000;400000,0000;300000,0;400000;124393,0000;2,0000;1,000;4;2;41,8806835778033;10,32906473847813;comuna;9211;9211;NA
193935,0000;500000,0000;500000,0000;205000,0;550000;193917,0000;5,0000;3,000;5;3;33,1762032440997;11,93508918142076;region;NA;NA;1
211408,0000;600000,0000;600000,0000;250000,0;650000;193935,0000;6,0000;3,000;5;3;35,0154827329610;12,11732344568831;region;NA;NA;2
200000,0000;500000,0000;550000,0000;220000,0;600000;200000,0000;5,0000;3,000;5;3;35,7983722267068;11,55165480050064;region;NA;NA;3
200000,0000;490000,0000;500000,0000;200000,0;500000;193935,0000;4,0000;2,000;5;3;37,8517672038098;11,46906345172605;region;NA;NA;4
215861,0000;450000,0000;474124,0000;275000,0;480000;203917,0000;5,0000;3,000;5;3;38,5681287497980;11,99594528100104;region;NA;NA;5
219528,0000;450000,0000;500000,0000;220000,0;490000;209778,0000;5,0000;3,000;5;3;38,4757344149423;11,00986489878598;region;NA;NA;6
202250,0000;400000,0000;435000,0000;193000,0;420000;200000,0000;4,0000;2,000;5;3;38,1630868120400;10,75658336592445;region;NA;NA;7
200000,0000;470000,0000;500000,0000;280000,0;500000;199778,0000;4,0000;2,000;5;3;37,7566242676215;11,68662340828146;region;NA;NA;8
193917,0000;400000,0000;430000,0000;200000,0;450000;173261,0000;3,0000;2,000;5;3;37,9567739727138;11,00674262563328;region;NA;NA;9
208333,0000;450000,0000;484167,0000;200000,0;500000;200000,0000;5,0000;3,000;5;3;38,3972199337596;10,76071573001905;region;NA;NA;10
261000,0000;500000,0000;590000,0000;220000,0;550000;250000,0000;6,0000;3,000;5;3;35,4935460290732;11,31081288253112;region;NA;NA;11
337132,0000;600000,0000;604167,0000;260000,0;630000;300000,0000;6,0000;3,000;5;3;37,7392384288315;12,00184289967882;region;NA;NA;12
300000,0000;520000,0000;600000,0000;250000,0;600000;280861,0000;6,0000;3,000;5;3;36,4671424343763;12,69362390467652;region;NA;NA;13
209778,0000;448643,0000;454167,0000;250000,0;480000;209778,0000;4,0000;2,000;5;3;37,9590074591762;11,13455193747720;region;NA;NA;14
200861,0000;450000,0000;500000,0000;230000,0;500000;198310,0000;5,0000;3,000;5;3;35,8552119662085;12,16326030125115;region;NA;NA;15
199778,0000;400000,0000;420000,0000;220000,0;420000;193935,0000;4,0000;2,000;5;3;39,7750623094773;10,68111232847141;region;NA;NA;16
