pobreza_p;pobreza_multi_p;nivel;cut_comuna;comuna;comuna_p;region;region_p
0,06498575124079581;0,1666894801754633;pais;NA;NA;NA;NA;NA
0,07953222295347542;0,1557340295506650;comuna;10101;10101;0,03652609730167569;NA;NA
0,06248491512242216;0,4011370645498673;comuna;10102;10102;0,27091099251790074;NA;NA
0,09784937703356876;0,2672803745734466;comuna;10104;10104;0,80184112372033967;NA;NA
0,05646453366995193;0,2064378307520513;comuna;10105;10105;0,49060542797494783;NA;NA
0,11461430575035063;0,2962131837307153;comuna;10106;10106;0,56695652173913047;NA;NA
0,01427506125492703;0,1468520294023650;comuna;10107;10107;0,53835091083413233;NA;NA
0,20700378583017848;0,4074499729583559;comuna;10108;10108;0,68334234721471065;NA;NA
0,01509366424054409;0,1178658075806387;comuna;10109;10109;0,20103010778347849;NA;NA
0,01600794192467581;0,1844842919484602;comuna;10201;10201;0,21097805629666397;NA;NA
0,04545240561152434;0,2182704076828924;comuna;10202;10202;0,24013746351567650;NA;NA
0,03844252163164401;0,2791100123609394;comuna;10203;10203;0,63059332509270705;NA;NA
0,06851987320165813;0,2228724701292368;comuna;10204;10204;2,48817361619117294;NA;NA
0,02949236591413285;0,3358345295576145;comuna;10205;10205;0,66586193396841964;NA;NA
0,22034302048594570;0,2544068604097189;comuna;10206;10206;2,43115769414006655;NA;NA
0,01659451659451660;0,3944805194805195;comuna;10207;10207;1,84108946608946611;NA;NA
0,08647777628575265;0,2905532429166107;comuna;10208;10208;0,34268833087149186;NA;NA
0,11036293083770829;0,2346496233736590;comuna;10209;10209;1,16514494407669478;NA;NA
0,14289188860513194;0,2804329320199441;comuna;10210;10210;1,24163930439012526;NA;NA
0,06659820282413351;0,1364199115675367;comuna;10301;10301;0,05877050349450863;NA;NA
0,14747807017543860;0,4330043859649123;comuna;10302;10302;1,12960526315789478;NA;NA
0,09638267491670632;0,2626368396001904;comuna;10303;10303;0,49038553069966684;NA;NA
0,00922946655376799;0,2060118543607113;comuna;10304;10304;0,87248094834885692;NA;NA
0,02774248199915290;0,2339404207256812;comuna;10305;10305;0,72744599745870397;NA;NA
0,16391478029294274;0,4255659121171771;comuna;10306;10306;1,37230359520639156;NA;NA
0,09590598938589841;0,2600454890068233;comuna;10307;10307;0,97678165276724793;NA;NA
0,06330684663110918;0,1578143028192011;comuna;1101;1101;0,00479373027103516;NA;NA
0,15945951798358632;0,3221599070324737;comuna;1107;1107;0,00799029904073104;NA;NA
0,02969655753100813;0,1466368729557304;comuna;11101;11101;0,17974999190388291;NA;NA
0,24617067833698031;0,1641137855579869;comuna;11102;11102;12,14660831509846872;NA;NA
0,06630296272698312;0,1275485823510672;comuna;11201;11201;0,44604173303599870;NA;NA
0,05071721311475410;0,1277322404371585;comuna;11202;11202;1,91290983606557385;NA;NA
0,00000000000000000;0,2005907626208378;comuna;11301;11301;3,03464017185821699;NA;NA
0,00000000000000000;0,3165217391304348;comuna;11303;11303;19,65739130434782567;NA;NA
0,00292226767971946;0,0601987142022209;comuna;11401;11401;2,22111825443210620;NA;NA
0,09077490774907750;0,1594095940959410;comuna;11402;11402;4,20738007380073764;NA;NA
0,03548000526450684;0,0689650395184362;comuna;12101;12101;0,08382341735763318;NA;NA
0,00000000000000000;0,0389105058365759;comuna;12102;12102;47,08949416342412775;NA;NA
0,00000000000000000;0,0000000000000000;comuna;12103;12103;58,75242718446602197;NA;NA
0,00000000000000000;0,0962406015037594;comuna;12104;12104;18,20150375939849496;NA;NA
0,00000000000000000;0,2140688259109312;comuna;12201;12201;6,17459514170040524;NA;NA
0,03441860465116279;0,1457807308970100;comuna;12301;12301;1,63468438538205985;NA;NA
0,00000000000000000;0,0000000000000000;comuna;12302;12302;18,03812316715542607;NA;NA
0,00000000000000000;0,0490566037735849;comuna;12303;12303;46,42641509433962455;NA;NA
0,02337043578264263;0,0333922043783628;comuna;12401;12401;0,50934406703084567;NA;NA
0,17803030303030304;0,0407196969696970;comuna;12402;12402;11,74431818181818166;NA;NA
0,06174791905422523;0,1129610501236504;comuna;13101;13101;0,02469426684359732;NA;NA
0,06302969636302970;0,2784117450784118;comuna;13102;13102;0,14572350127905684;NA;NA
0,02326339434394110;0,2064156799387768;comuna;13103;13103;0,09284808287805674;NA;NA
0,07161872793564443;0,1914752011111754;comuna;13104;13104;0,09479715261299844;NA;NA
0,06808552970366556;0,1341931557511352;comuna;13105;13105;0,07668765507232808;NA;NA
0,04267226783083020;0,2953332784199592;comuna;13106;13106;0,05997455680330945;NA;NA
0,03654156785922948;0,2111987490119256;comuna;13107;13107;0,11261470254665429;NA;NA
0,07746016590081757;0,2650434644228283;comuna;13108;13108;0,08691558420030103;NA;NA
0,06684038059141695;0,0990169371076632;comuna;13109;13109;0,12938726361088082;NA;NA
0,03299169486311904;0,1300006151953245;comuna;13110;13110;0,03226084281759459;NA;NA
0,07823264440911500;0,2927017090620032;comuna;13111;13111;0,10856352676205618;NA;NA
0,13351053710710437;0,2805385867382528;comuna;13112;13112;0,06928914160096387;NA;NA
0,01751015589041644;0,0437553781193092;comuna;13113;13113;0,13120609953773188;NA;NA
0,00602611907328538;0,0482266244897238;comuna;13114;13114;0,03862489028693281;NA;NA
0,00909337571223691;0,1040350401178340;comuna;13115;13115;0,10167060738788325;NA;NA
0,04740227319451379;0,3322858233721989;comuna;13116;13116;0,12840318364709682;NA;NA
0,02896602415930830;0,1661556911709237;comuna;13117;13117;0,12686054721123438;NA;NA
0,05619998398031034;0,1034871951707917;comuna;13118;13118;0,09552104040602631;NA;NA
0,03389682994757536;0,1542977282656182;comuna;13119;13119;0,02238798328964613;NA;NA
0,01076121214906385;0,0342099317180026;comuna;13120;13120;0,05024452078139421;NA;NA
0,06064462607351264;0,1902391658889298;comuna;13121;13121;0,12369316628486854;NA;NA
0,01816954554005156;0,1148672324823966;comuna;13122;13122;0,04840048245565502;NA;NA
0,01077140546779998;0,0419128040838750;comuna;13123;13123;0,08100467275297371;NA;NA
0,04143148700419369;0,1679790431290244;comuna;13124;13124;0,05063291139240506;NA;NA
0,05275947143776816;0,1740526701621336;comuna;13125;13125;0,04884102571735838;NA;NA
0,01959974066500901;0,3186899308202538;comuna;13126;13126;0,09351733768408153;NA;NA
0,04095140664961637;0,1817698209718670;comuna;13127;13127;0,06714578005115089;NA;NA
0,03131610015249151;0,1586649613852132;comuna;13128;13128;0,08072212110777707;NA;NA
0,05849240602883102;0,2216976122198727;comuna;13129;13129;0,12676573105852137;NA;NA
0,01111000681508405;0,1777530099954566;comuna;13130;13130;0,09321047251249433;NA;NA
0,05497468503473449;0,1822795243141410;comuna;13131;13131;0,15460967855881314;NA;NA
0,00188625087136589;0,0162996678558248;comuna;13132;13132;0,13462090458030918;NA;NA
0,05630717399022518;0,1951020161503539;comuna;13201;13201;0,01994394966044976;NA;NA
0,01266968325791855;0,1845841784989858;comuna;13202;13202;0,41198314869714464;NA;NA
0,06518233366279977;0,2902772720178952;comuna;13203;13203;0,68683348072621342;NA;NA
0,04406338521360106;0,2374175542756797;comuna;13301;13301;0,06951572609727288;NA;NA
0,04277665056125651;0,3134643175149985;comuna;13302;13302;0,09708496941918345;NA;NA
0,10397069464544138;0,2946816208393632;comuna;13303;13303;0,60161903039073805;NA;NA
0,05830301266191239;0,1751913840780090;comuna;13401;13401;0,03900742250036385;NA;NA
0,02391857063248816;0,1538990665923656;comuna;13402;13402;0,11669336862635832;NA;NA
0,02101747520410229;0,2318669455502328;comuna;13403;13403;0,45216247216786992;NA;NA
0,03762998342240410;0,1657411808349080;comuna;13404;13404;0,15538887794020473;NA;NA
0,09426478934879681;0,2078475351655190;comuna;13501;13501;0,09232273637998592;NA;NA
0,13362797348238659;0,3262706356427921;comuna;13502;13502;1,75510204081632648;NA;NA
0,02809495990227840;0,2653353869031813;comuna;13503;13503;0,35856922831802007;NA;NA
0,11306042884990253;0,3163742690058480;comuna;13504;13504;0,87745289148797923;NA;NA
0,12557762464531819;0,1927847588163762;comuna;13505;13505;1,09485204702067285;NA;NA
0,08204299414148376;0,1924041306698673;comuna;13601;13601;0,16162612446673241;NA;NA
0,02983668341708543;0,2496134518747584;comuna;13602;13602;0,32861422497100889;NA;NA
0,01075889955953498;0,2109177557946422;comuna;13603;13603;0,32741232820660937;NA;NA
0,00275143277374854;0,2265304052340620;comuna;13604;13604;0,17249074402799613;NA;NA
0,10275097908109657;0,1231445219218645;comuna;13605;13605;0,12995510554971820;NA;NA
0,14009952425220101;0,2214141193197353;comuna;1401;1401;0,07661180073276098;NA;NA
0,03904555314533623;0,2067968185104845;comuna;1402;1402;1,01373825018076635;NA;NA
0,28136882129277568;0,3498098859315589;comuna;1403;1403;0,88910012674271233;NA;NA
0,15319701395650762;0,4021421616358325;comuna;1404;1404;0,45569620253164556;NA;NA
0,09320388349514563;0,1616504854368932;comuna;1405;1405;0,22734627831715210;NA;NA
0,03514911155177106;0,1356029172429499;comuna;14101;14101;0,07832452939183372;NA;NA
0,06369661266568483;0,1283136966126657;comuna;14102;14102;2,59609720176730496;NA;NA
0,03100558659217877;0,1320670391061453;comuna;14103;14103;0,78787709497206704;NA;NA
0,06547793042969892;0,2737016466920004;comuna;14104;14104;0,68712851992594759;NA;NA
0,08218250744652045;0,3604115894936366;comuna;14105;14105;1,90969401570538855;NA;NA
0,09711972335849534;0,3109264960148442;comuna;14106;14106;0,59486357694091851;NA;NA
0,06295480658751436;0,1599961700497894;comuna;14107;14107;0,67536384527001148;NA;NA
0,10842041245093161;0,2540775142367446;comuna;14108;14108;0,39000387018300436;NA;NA
0,09602582206980029;0,1970193665523502;comuna;14201;14201;0,35810470042364334;NA;NA
0,10357728913685592;0,1738759435510338;comuna;14202;14202;0,93219560223170328;NA;NA
0,03460005831470502;0,4187967732529886;comuna;14203;14203;1,38040625911167258;NA;NA
0,05080424886191199;0,2117754172989378;comuna;14204;14204;0,43107738998482548;NA;NA
0,09241652028011690;0,1875467714873136;comuna;15101;15101;0,05947757725665041;NA;NA
0,29378531073446329;0,2865213882163035;comuna;15102;15102;12,18886198547215471;NA;NA
0,23176962378077101;0,2851834649326521;comuna;15201;15201;7,06038086391082231;NA;NA
0,24774774774774774;0,3468468468468469;comuna;15202;15202;22,82582582582582731;NA;NA
0,10916289312844876;0,1302897582461089;comuna;16101;16101;0,07968228045430925;NA;NA
0,15054804771756833;0,0699035964255844;comuna;16102;16102;0,70880838138838753;NA;NA
0,08740448184081738;0,1596977762513952;comuna;16103;16103;0,46086259694914283;NA;NA
0,09670580560991519;0,1713144161774299;comuna;16104;16104;1,31311154598825830;NA;NA
0,21497500290663876;0,2105569119869783;comuna;16105;16105;1,87245669108243229;NA;NA
0,06605337311453671;0,2160616608652412;comuna;16106;16106;1,33482512846013601;NA;NA
0,18576143328618577;0,0737597569280738;comuna;16107;16107;0,84378437843784382;NA;NA
0,14467111993741349;0,2517903351988927;comuna;16108;16108;0,96936871878197028;NA;NA
0,11004324843825083;0,1306529980244540;comuna;16109;16109;0,86010998985530462;NA;NA
0,04915351271775579;0,1783757258526212;comuna;16201;16201;1,32501840189744002;NA;NA
0,02341964965727342;0,0986290936785986;comuna;16202;16202;3,08492003046458496;NA;NA
0,13363700899195458;0,1913748225272125;comuna;16203;16203;0,95853052531945104;NA;NA
0,02954841107600818;0,1022114848541163;comuna;16204;16204;3,01133618286563820;NA;NA
0,09204336265084885;0,2204949887502557;comuna;16205;16205;3,31458375946001249;NA;NA
0,18138424821002386;0,2128878281622912;comuna;16206;16206;2,57852028639618158;NA;NA
0,00000000000000000;0,2101512254475926;comuna;16207;16207;2,81713888406049007;NA;NA
0,15047800137326361;0,1493512209722002;comuna;16301;16301;0,28699448933960103;NA;NA
0,11023212241074216;0,2367371014191041;comuna;16302;16302;0,56562922868741539;NA;NA
0,12541168313399204;0,3125325013000520;comuna;16303;16303;1,41298318599410644;NA;NA
0,14861726831327846;0,1530504538737598;comuna;16304;16304;3,44184082752797149;NA;NA
0,13354363827549948;0,1977675321523902;comuna;16305;16305;1,31885464693035681;NA;NA
0,07033894829887959;0,1654144245533619;comuna;2101;2101;0,00478646576116424;NA;NA
0,03509903864765469;0,1427834053809923;comuna;2102;2102;0,13562165300987161;NA;NA
0,05816554809843400;0,1812080536912752;comuna;2103;2103;1,17617449664429530;NA;NA
0,17436672423719055;0,1577432354634427;comuna;2104;2104;0,15141047783534831;NA;NA
0,07930191721177643;0,1714605518530309;comuna;2201;2201;0,01130097246896212;NA;NA
0,03631001750990692;0,2358307990047000;comuna;2203;2203;0,20302276287899731;NA;NA
0,15031986710493761;0,2192415085003358;comuna;2301;2301;0,08132753684656982;NA;NA
0,00000000000000000;0,0620492788461538;comuna;2302;2302;0,34585336538461536;NA;NA
0,07657959365929895;0,2016304005587328;comuna;3101;3101;0,01775236001625821;NA;NA
0,02471819238740332;0,1570034878430976;comuna;3102;3102;0,15680129404033766;NA;NA
0,06022340942204954;0,3576632207035315;comuna;3103;3103;0,21529175050301810;NA;NA
0,13472254026410196;0,2423479123731013;comuna;3201;3201;0,24433249370277077;NA;NA
0,05075601618513523;0,2020302406474054;comuna;3202;3202;0,22730176758713708;NA;NA
0,10794382728987634;0,1576014811709635;comuna;3301;3301;0,05765737441486760;NA;NA
0,13149688149688149;0,1779279279279279;comuna;3302;3302;0,57207207207207211;NA;NA
0,16255778120184899;0,2954545454545455;comuna;3303;3303;0,42411402157164868;NA;NA
0,13903882987985375;0,1526205815775727;comuna;3304;3304;0,28765453595681700;NA;NA
0,06075420870252618;0,1286920883683627;comuna;4101;4101;0,01573730481866219;NA;NA
0,07405074613515407;0,1826652156412588;comuna;4102;4102;0,01528794406595209;NA;NA
0,11404399323181048;0,2159052453468697;comuna;4103;4103;0,34712351945854486;NA;NA
0,03508771929824561;0,2984676882078614;comuna;4104;4104;0,91139240506329111;NA;NA
0,03409333049222246;0,1826124014489665;comuna;4105;4105;0,87470701044108246;NA;NA
0,06844106463878327;0,1814514795834022;comuna;4106;4106;0,13575797652504545;NA;NA
0,04540491355777980;0,1649681528662420;comuna;4201;4201;0,12741886563542615;NA;NA
0,05737361023704636;0,2316970841199916;comuna;4202;4202;0,44073840990140550;NA;NA
0,07384423157017909;0,2152436484798001;comuna;4203;4203;0,17505206164098291;NA;NA
0,10200499561196247;0,0978194828866536;comuna;4204;4204;0,14190238304192263;NA;NA
0,10546085884195069;0,1820637843889696;comuna;4301;4301;0,03489400368330102;NA;NA
0,06562454977668923;0,1967295778706238;comuna;4302;4302;0,30989770926379484;NA;NA
0,14692465480819275;0,2446805253650920;comuna;4303;4303;0,13173927685760647;NA;NA
0,21547273313972248;0,2991287512100678;comuna;4304;4304;0,34720877702484670;NA;NA
0,08106235565819861;0,3297921478060046;comuna;4305;4305;0,99422632794457277;NA;NA
0,07479492775436485;0,1871080423439695;comuna;5101;5101;0,01599500802729279;NA;NA
0,02644551025845990;0,2391420197175593;comuna;5102;5102;0,16993072208899548;NA;NA
0,01714189089218152;0,1245799074211071;comuna;5103;5103;0,10786075119950962;NA;NA
0,00000000000000000;0,3496079657511184;comuna;5105;5105;0,24556255712155467;NA;NA
0,10193955796120883;0,3096128843959776;comuna;5107;5107;0,13550372787816073;NA;NA
0,06965003710862633;0,1468740400011962;comuna;5109;5109;0,01388922871147431;NA;NA
0,09363388654941789;0,1608357982776960;comuna;5301;5301;0,07724139940841335;NA;NA
0,01219370572523516;0,1135175937754035;comuna;5302;5302;0,30786203692950875;NA;NA
0,07786780383795310;0,0910021321961620;comuna;5303;5303;0,45228144989339020;NA;NA
0,03826315295882960;0,2227328144049517;comuna;5304;5304;0,24871049423239239;NA;NA
0,08905599077737313;0,3154557602117012;comuna;5401;5401;0,14150968113815598;NA;NA
0,06850503784409198;0,2552186279708817;comuna;5402;5402;0,26042520368317024;NA;NA
0,08503937007874016;0,1834645669291338;comuna;5403;5403;0,85086614173228348;NA;NA
0,05326168929110105;0,1181184012066365;comuna;5404;5404;0,50942684766214175;NA;NA
0,03672178988326848;0,2898832684824903;comuna;5405;5405;0,65722276264591439;NA;NA
0,04346430470152772;0,1431724027244184;comuna;5501;5501;0,05518050776900623;NA;NA
0,07136485280999108;0,1851211715730003;comuna;5502;5502;0,10225245316681535;NA;NA
0,12067449438783427;0,1655718202037966;comuna;5503;5503;0,28464283866963225;NA;NA
0,02340876156504292;0,1115074499312600;comuna;5504;5504;0,20451083119681937;NA;NA
0,05100182149362478;0,1042487397805736;comuna;5506;5506;0,23323590460456645;NA;NA
0,05577738064845545;0,1123206535613990;comuna;5601;5601;0,05719683431197345;NA;NA
0,06344161210348992;0,2427690547326934;comuna;5602;5602;0,35611213527429914;NA;NA
0,04401135288552507;0,3561400189214759;comuna;5603;5603;0,21203405865657521;NA;NA
0,11261725315837988;0,0529198069728352;comuna;5604;5604;0,30385512118418911;NA;NA
0,01095282892084397;0,1612014514178202;comuna;5605;5605;0,37662948528423601;NA;NA
0,00000000000000000;0,0577684414640058;comuna;5606;5606;0,45293689908701623;NA;NA
0,08314443951113500;0,1750753627929802;comuna;5701;5701;0,06661136167130138;NA;NA
0,12448453608247423;0,1260309278350515;comuna;5702;5702;0,36739690721649487;NA;NA
0,15436688491843303;0,1140457958791107;comuna;5703;5703;0,21096437687271113;NA;NA
0,09916183107672469;0,2335267569310122;comuna;5704;5704;0,73552546744036107;NA;NA
0,04479615234047313;0,1744309602371232;comuna;5705;5705;0,31905374419775179;NA;NA
0,09399259524662607;0,1288665950077630;comuna;5706;5706;0,34073808670727340;NA;NA
0,05652239974754263;0,1650907560864433;comuna;5801;5801;0,03390058322327283;NA;NA
0,07443867045788803;0,1493087557603687;comuna;5802;5802;0,11377586037846847;NA;NA
0,07647029229763043;0,2889772098405192;comuna;5803;5803;0,29194546460733511;NA;NA
0,03596524053053927;0,1498898174712070;comuna;5804;5804;0,04022008786883428;NA;NA
0,06888853628926617;0,1515518278395442;comuna;6101;6101;0,02251266591144747;NA;NA
0,01039573081987664;0,1923210201677178;comuna;6102;6102;0,42289832975258163;NA;NA
0,10356963298139769;0,2865761689291101;comuna;6103;6103;0,76709401709401714;NA;NA
0,04631453570937744;0,1514040954693298;comuna;6104;6104;0,27962801777452012;NA;NA
0,12379766403297836;0,1632600480934387;comuna;6105;6105;0,26215218138096874;NA;NA
0,05198573253833049;0,1195964650766610;comuna;6106;6106;0,16253194207836458;NA;NA
0,05721493072057909;0,1457975359192776;comuna;6107;6107;0,22326618652433006;NA;NA
0,02322920969843338;0,1355143156757444;comuna;6108;6108;0,09704788839810607;NA;NA
0,02363253856942496;0,0995091164095372;comuna;6109;6109;0,42840112201963532;NA;NA
0,05900952110274264;0,2543342333380702;comuna;6110;6110;0,21706693193122070;NA;NA
0,10709243697478991;0,1647058823529412;comuna;6111;6111;0,41082352941176470;NA;NA
0,07721029470596079;0,0766768902520336;comuna;6112;6112;0,40752100280037340;NA;NA
0,10741200038157016;0,0818467995802728;comuna;6113;6113;0,29156729943718401;NA;NA
0,06165062287655719;0,1373159682899207;comuna;6114;6114;0,43275764439411096;NA;NA
0,04767540152155537;0,1230308153385076;comuna;6115;6115;0,09398294013678629;NA;NA
0,01768154008776706;0,1661808514045933;comuna;6116;6116;0,19590633908837568;NA;NA
0,13243520507907014;0,1780190852254031;comuna;6117;6117;0,11840195110620753;NA;NA
0,10778313383523805;0,1792233114878405;comuna;6201;6201;0,33586091101121163;NA;NA
0,02854393842206543;0,1577934573444516;comuna;6202;6202;1,98909557408595261;NA;NA
0,11924473493100944;0,3350762527233115;comuna;6203;6203;0,90094408133623816;NA;NA
0,02992843201040989;0,1499024072869226;comuna;6204;6204;0,80728692257644763;NA;NA
0,24655784244144782;0,1982966643009226;comuna;6205;6205;0,88076650106458476;NA;NA
0,06128929818990156;0,1903778977453160;comuna;6206;6206;0,98539218799618922;NA;NA
0,07902383060443192;0,1340674140489581;comuna;6301;6301;0,07857490242047112;NA;NA
0,06724309529733764;0,1507837770589699;comuna;6302;6302;0,39201293854192587;NA;NA
0,08766182713978721;0,1787829550815032;comuna;6303;6303;0,16518161329210126;NA;NA
0,02658210767777628;0,1671839158008366;comuna;6304;6304;0,85062744568884097;NA;NA
0,10065634293918573;0,1804430314839504;comuna;6305;6305;0,32330017434109320;NA;NA
0,09091583240637746;0,1804968483500185;comuna;6306;6306;0,46763070077864294;NA;NA
0,07309190353857628;0,1964034142703240;comuna;6307;6307;0,52266511974807328;NA;NA
0,08567096285064443;0,2353514567312899;comuna;6308;6308;0,68320155962309104;NA;NA
0,07784090909090909;0,3857954545454546;comuna;6309;6309;1,79232954545454537;NA;NA
0,07893672211513290;0,0799362223650080;comuna;6310;6310;0,15016301373122962;NA;NA
0,05725618156165330;0,1096345376678833;comuna;7101;7101;0,02955412846327688;NA;NA
0,14315114576324850;0,1716270233901927;comuna;7102;7102;0,14053904302054063;NA;NA
0,14504971897968008;0,1343493298746217;comuna;7103;7103;0,76772589710332906;NA;NA
0,15492957746478872;0,1281928861303414;comuna;7104;7104;1,69587013607066117;NA;NA
0,10587858645607830;0,0989267311034546;comuna;7105;7105;0,10831783394822697;NA;NA
0,03335126412049489;0,2506724045185584;comuna;7106;7106;0,76449704142011832;NA;NA
0,11559420289855073;0,1842318840579710;comuna;7107;7107;0,82399999999999995;NA;NA
0,04439845106155695;0,2288022432901589;comuna;7108;7108;0,47456269194819067;NA;NA
0,09493831333446003;0,1732085516308940;comuna;7109;7109;0,15018167990535744;NA;NA
0,13699433261676763;0,0877467265976158;comuna;7110;7110;0,69474301348446355;NA;NA
0,13645589031210537;0,1795507847735883;comuna;7201;7201;0,16238950027061158;NA;NA
0,17743324720068906;0,2189922480620155;comuna;7202;7202;0,77540913006029288;NA;NA
0,14882600842865742;0,2387718242022878;comuna;7203;7203;0,86730885009030700;NA;NA
0,08407486777041025;0,1901612874502099;comuna;7301;7301;0,04334043702547238;NA;NA
0,06190103657344025;0,1356346567572853;comuna;7302;7302;0,71406219440641505;NA;NA
0,04889206576125804;0,1323802716225876;comuna;7303;7303;1,04403145103645456;NA;NA
0,06522630931218379;0,1825125510343615;comuna;7304;7304;0,14268133070266259;NA;NA
0,04015230183454482;0,2191934925579785;comuna;7305;7305;0,63213914849428865;NA;NA
0,05851927587658628;0,1485535574667709;comuna;7306;7306;0,43940578577013290;NA;NA
0,01567509796936231;0,1682019441192936;comuna;7307;7307;0,37187643137055321;NA;NA
0,03748054505606200;0,2314900104818473;comuna;7308;7308;0,23212527395737381;NA;NA
0,08659603869184708;0,1559189313680332;comuna;7309;7309;1,68332565637954867;NA;NA
0,10505655097360954;0,0940767227641960;comuna;7401;7401;0,07191301644059232;NA;NA
0,13438837722142949;0,2074631383231721;comuna;7402;7402;0,32005880572491030;NA;NA
0,08232576280339624;0,1889232246257238;comuna;7403;7403;0,22210554738831717;NA;NA
0,08613710266109231;0,1266396796956224;comuna;7404;7404;0,16377994558364856;NA;NA
0,13863615045492919;0,1705749929650127;comuna;7405;7405;0,34729387487102525;NA;NA
0,08373432200047330;0,1433304409560621;comuna;7406;7406;0,14605190502484816;NA;NA
0,05432223343424151;0,1215943491422805;comuna;7407;7407;0,41523713420787084;NA;NA
0,12881148168956535;0,1400480106236273;comuna;7408;7408;0,37836457428877879;NA;NA
0,06242967982098417;0,1171006127527867;comuna;8101;8101;0,03388334692682519;NA;NA
0,05562596817349669;0,1291445649282574;comuna;8102;8102;0,06338700339545290;NA;NA
0,05961211222130110;0,1059819363846590;comuna;8103;8103;0,08838736419564554;NA;NA
0,09659760821963954;0,2755600471618663;comuna;8104;8104;0,68249957891190838;NA;NA
0,11950135583006929;0,2643868635131064;comuna;8105;8105;0,30525007532389276;NA;NA
0,10807726075504828;0,1811018437225637;comuna;8106;8106;0,17791922739244953;NA;NA
0,05314964560247579;0,0972746331236897;comuna;8107;8107;0,16186482978935809;NA;NA
0,05465952197787623;0,0912539459373425;comuna;8108;8108;0,05377085709738175;NA;NA
0,02867528271405493;0,1738018309100700;comuna;8109;8109;0,54584006462035539;NA;NA
0,04926180013278113;0,1144699819797035;comuna;8110;8110;0,05127880876355474;NA;NA
0,08103068316663842;0,1680115273775216;comuna;8111;8111;0,13749788099677912;NA;NA
0,02105327768229806;0,1001514035518455;comuna;8112;8112;0,08298551436287749;NA;NA
0,11221669430624655;0,2661875806154413;comuna;8201;8201;0,30222959277685646;NA;NA
0,07942266131522074;0,1494802922712772;comuna;8202;8202;0,21102192034578574;NA;NA
0,12716204982435439;0,3329489689201148;comuna;8203;8203;0,21997264755571050;NA;NA
0,11731404308853594;0,2737851863500551;comuna;8204;8204;1,29013995911306800;NA;NA
0,08811831600035354;0,2319771381433580;comuna;8205;8205;0,24172878060277525;NA;NA
0,12772394440303417;0,1823562941202262;comuna;8206;8206;0,35980181523216559;NA;NA
0,26638974173740293;0,3566010474986455;comuna;8207;8207;0,74110529167419181;NA;NA
0,09259985485492253;0,1473583145140570;comuna;8301;8301;0,03741767975226169;NA;NA
0,05397266620338198;0,1355107713690062;comuna;8302;8302;1,92309474171878625;NA;NA
0,10961072524632531;0,1730899693102891;comuna;8303;8303;0,26822807300920692;NA;NA
0,10833298490613372;0,1827570347451603;comuna;8304;8304;0,34720073587824563;NA;NA
0,10894716544543000;0,2443116081758581;comuna;8305;8305;0,26690448643784548;NA;NA
0,09971072461697797;0,0903896289418235;comuna;8306;8306;0,29663226313345953;NA;NA
0,06165099268547544;0,1825781324213926;comuna;8307;8307;0,78911370760900545;NA;NA
0,07247070078928486;0,1382444391293949;comuna;8308;8308;1,98708442956230558;NA;NA
0,02658670664667666;0,1644177911044478;comuna;8309;8309;0,83048475762118945;NA;NA
0,10473256790814897;0,1570988518622235;comuna;8310;8310;2,32707924950994105;NA;NA
0,21345707656612528;0,1212638187525590;comuna;8311;8311;0,56714890132387064;NA;NA
0,16097942172440741;0,1288747069549362;comuna;8312;8312;0,54128679343579056;NA;NA
0,15354792173834642;0,1177531331710396;comuna;8313;8313;0,37476332161211795;NA;NA
0,22523985239852398;0,4199261992619926;comuna;8314;8314;1,22715867158671577;NA;NA
0,09447431584363815;0,1420615716300231;comuna;9101;9101;0,02963944805036198;NA;NA
0,17112844432250227;0,3519382275702583;comuna;9102;9102;0,35675929918080979;NA;NA
0,17187759393503405;0,1537823031376238;comuna;9103;9103;0,50373526644900668;NA;NA
0,14899859675979080;0,1954330909554790;comuna;9104;9104;1,16137262405919128;NA;NA
0,13734107675404175;0,2820593313451578;comuna;9105;9105;0,35728300109872863;NA;NA
0,10092908758834274;0,4238862860319225;comuna;9106;9106;0,72310013499563253;NA;NA
0,14102054340622930;0,1856858846918489;comuna;9107;9107;0,60351225977468526;NA;NA
0,06507477086348287;0,1937771345875543;comuna;9108;9108;0,21968162083936324;NA;NA
0,10596641369287906;0,1290569998385274;comuna;9109;9109;0,36771354755368962;NA;NA
0,18378035232502776;0,1834629423900968;comuna;9110;9110;1,44580225361053794;NA;NA
0,09780978979861826;0,2621784506835220;comuna;9111;9111;0,26785241805085991;NA;NA
0,13328976293743688;0,1775533242231596;comuna;9112;9112;0,10827639474778682;NA;NA
0,12079889807162535;0,2084022038567493;comuna;9113;9113;1,25523415977961439;NA;NA
0,11968497974328877;0,2125629472568248;comuna;9114;9114;0,34508348794063082;NA;NA
0,08240563862723141;0,1938936828930901;comuna;9115;9115;0,30021078980304328;NA;NA
0,29633417243549404;0,4796255506607929;comuna;9116;9116;0,71711768407803655;NA;NA
0,21394139287073449;0,2351896486109349;comuna;9117;9117;0,57826969427882791;NA;NA
0,26862980769230771;0,2725360576923077;comuna;9118;9118;0,91326121794871795;NA;NA
0,09585824750336537;0,2236483736655918;comuna;9119;9119;0,28547725636289639;NA;NA
0,06802449414270501;0,1534378328008520;comuna;9120;9120;0,15175718849840256;NA;NA
0,24756817094562270;0,4018497847233296;comuna;9121;9121;0,72723648540902563;NA;NA
0,08781669348137409;0,2382030020685632;comuna;9201;9201;0,16267392726436944;NA;NA
0,11267978803936411;0,1808478425435276;comuna;9202;9202;0,34829674489023466;NA;NA
0,07108354374794160;0,1518278625535185;comuna;9203;9203;0,50515973213305521;NA;NA
0,21256382852392827;0,5147844674029213;comuna;9204;9204;1,09298183113644454;NA;NA
0,15550347065717118;0,3919588929955828;comuna;9205;9205;0,82980257820247005;NA;NA
0,19276947705442904;0,2278548559231590;comuna;9206;9206;1,22812166488794028;NA;NA
0,20389519124585884;0,3315932135327778;comuna;9207;9207;0,92430478867583576;NA;NA
0,10636019113527764;0,3507991431866864;comuna;9208;9208;0,75860932608337450;NA;NA
0,00713175459449575;0,1588186888543476;comuna;9209;9209;0,84200420590655578;NA;NA
0,15914747977598009;0,2093963907902925;comuna;9210;9210;0,47759800871188551;NA;NA
0,19966778343984909;0,2027084095836031;comuna;9211;9211;0,25932599453813454;NA;NA
0,11001196409267280;0,2332747251644749;region;NA;NA;NA;1;2,50819552889065e-06
0,07625460494203998;0,1667850576927676;region;NA;NA;NA;2;2,81325210536754e-06
0,08198235270096654;0,1995985537884523;region;NA;NA;NA;3;9,42361998938272e-06
0,07913359727038403;0,1619562093200067;region;NA;NA;NA;4;4,63589667513490e-06
0,06574352276071728;0,1691170187835067;region;NA;NA;NA;5;2,49840476855528e-06
0,07020644482248944;0,1506151678542831;region;NA;NA;NA;6;5,92409457619521e-06
0,08641355273485449;0,1469584490216486;region;NA;NA;NA;7;6,05094550345595e-06
0,07520284389615203;0,1401420875537238;region;NA;NA;NA;8;4,76683900775863e-06
0,11563932606950920;0,1937974366300745;region;NA;NA;NA;9;8,77666032471693e-06
0,06976816193830553;0,1939433481330760;region;NA;NA;NA;10;1,10583382635091e-05
0,04008401728461318;0,1392207119261980;region;NA;NA;NA;11;1,01783054046802e-04
0,03445465159826405;0,0674333046945564;region;NA;NA;NA;12;6,60894851629106e-05
0,04415905901530986;0,1680589526677961;region;NA;NA;NA;13;1,56005154410302e-06
0,05859560740211510;0,1825729884735149;region;NA;NA;NA;14;3,41380983616151e-05
0,09159497791211346;0,1836704642331241;region;NA;NA;NA;15;5,81260172053011e-05
0,12087748731126165;0,1513092229607764;region;NA;NA;NA;16;3,08892831562669e-05
