cut_comuna;comuna;ytotcor;yoprcor;ytrabajocor;y2803;y0101;ytot;dau;qaut;dautr;qautr;edad;esc
10101;Puerto Montt;203917;500000,0;500000,0;200000;500000;200000,0;5;3;6;3;36,8151094589610;11,32952645232435
10102;Calbuco;199778;500000,0;500000,0;200000;500000;199778,0;4;2;4;2;41,7727748129475;9,01209112892962
10104;Fresia;193935;400000,0;450000,0;185000;450000;193917,0;3;2;4;2;43,6751845091659;9,44183336570208
10105;Frutillar;178150;450000,0;482000,0;190000;460000;150000,0;4;2;5;3;37,0124289945138;10,62628849478200
10106;Los Muermos;200000;300000,0;366667,0;280000;400000;199778,0;4;2;4;2;46,9960168302945;8,54464004038110
10107;Llanquihue;210000;400000,0;436667,0;180000;400000;202278,0;4;2;5;3;39,4470011718334;9,90785498489426
10108;Maullín;193000;300000,0;300000,0;216000;400000;190000,0;2;1;3;2;46,0826122228232;8,89912384560739
10109;Puerto Varas;308526;500000,0;550000,0;330000;550000;300000,0;6;3;7;4;39,9118641371356;11,86656411758961
10201;Castro;255886;430000,0;452083,0;290000;450000;218861,0;5;3;5;3;38,4341585489442;10,73729346377285
10202;Ancud;214778;400000,0;420000,0;200000;410000;208667,0;4;2;5;3;44,8411401939554;9,88245652652432
10203;Chonchi;209778;440000,0;403333,0;185000;500000;199778,0;4;2;4;2;41,9338071693449;8,95801609745486
10204;Curaco de Vélez;213333;480000,0;416167,0;600000;500000;209778,0;4;2;5;3;41,6917824920751;9,42186571598336
10205;Dalcahue;221000;400000,0;400000,0;185000;400000;214974,0;4;2;4;2;44,1214928879029;8,61419959812458
10206;Puqueldón;137500;400000,0;328333,0;220000;450000;137500,0;3;2;3;2;40,6784182944259;8,81029890500148
10207;Queilén;209778;450000,0;400000,0;200000;500000;209778,0;4;2;5;3;44,2619047619048;9,25789265982636
10208;Quellón;203000;400000,0;406667,0;193000;420000;203000,0;4;2;5;3;39,5003357056533;9,49050888529887
10209;Quemchi;209778;430000,0;400000,0;170000;500000;209778,0;4;2;5;3;47,0370919881306;8,92634920634921
10210;Quinchao;203935;400000,0;366667,0;150000;400000;193917,0;3;2;4;2;43,9318983339414;9,02155295461033
10301;Osorno;210000;450000,0;500000,0;218000;480000;199778,0;4;2;5;3;39,6579546427043;11,27228582543696
10302;Puerto Octay;174750;400000,0;400000,0;215000;407000;133333,0;4;2;5;3;39,0690789473684;9,39474416017798
10303;Purranque;209778;400000,0;400000,0;170000;400000;199778,0;4;2;4;2;45,2576392194193;9,53334802004736
10304;Puyehue;195000;400000,0;400000,0;180000;400000;193935,0;3;2;4;2;38,2672311600339;9,23829367255182
10305;Río Negro;199778;450000,0;500000,0;180000;500000;199778,0;5;3;5;3;39,9121135112241;9,21303780964798
10306;San Juan de la Costa;199778;350000,0;280000,0;180000;420000;199778,0;3;2;3;2;46,0057256990679;8,40432004867660
10307;San Pablo;203935;370000,0;358333,0;193000;400000;202129,0;3;2;3;2;44,6906747536012;8,82388687624167
1101;Iquique;239778;500000,0;580000,0;230000;600000;231806,0;5;3;6;3;36,4657320126265;12,52024455332925
1107;Alto Hospicio;67570;430000,0;450000,0;179000;500000;64257,0;4;2;4;2;30,1186274297511;11,16643994081959
11101;Coihaique;254000;500000,0;600000,0;210000;600000;245000,0;6;3;5;3;36,1003432753651;11,57912917571621
11102;Lago Verde;193917;450000,0;804167,0;NA;700000;193917,0;5;3;4;2;45,0043763676149;9,14960629921260
11201;Aisén;208111;480000,0;500000,0;230000;500000;206326,0;5;3;4;2;36,3695842625040;10,28099761263778
11202;Cisnes;273334;500000,0;700000,0;180000;450000;273334,0;7;4;6;3;36,6068989071038;10,90132827324478
11301;Cochrane;469329;475000,0;500000,0;630000;500000;469329,0;8;4;7;4;35,8136412459721;11,75888409166390
11303;Tortel;332129;500000,0;515000,0;194000;700000;332129,0;7;4;6;3;36,8400000000000;11,02141327623126
11401;Chile Chico;363333;500000,0;505833,0;260000;500000;333333,0;6;3;5;3;38,2421585817261;10,97404436054743
11402;Río Ibáñez;273917;400000,0;400000,0;200000;600000;258467,0;6;3;5;3;47,9490774907749;8,49386892177590
12101;Punta Arenas;300000;600000,0;600000,0;300000;600000;280000,0;6;3;5;3;38,6472918961230;12,02340832811145
12102;Laguna Blanca;500417;500000,0;700000,0;253000;500000;500417,0;7;4;6;3;46,1712062256809;11,64285714285714
12103;Río Verde;809588;1300000,0;1341667,0;365000;750000;809588,0;8;4;7;4;42,5242718446602;13,57142857142857
12104;San Gregorio;450000;470000,0;480000,0;200000;480000;450000,0;7;4;6;3;52,6105263157895;8,38558558558559
12201;Cabo de Hornos;490000;850000,0;1167500,0;NA;895000;490000,0;9;5;8;4;37,4266194331984;12,80519480519481
12301;Porvenir;450000;600000,0;620000,0;200000;620000;411318,0;7;4;6;3;39,4296345514950;10,57551955490100
12302;Primavera;550000;600000,0;658333,0;200000;650000;550000,0;7;4;6;3;37,2140762463343;11,13600000000000
12303;Timaukel;600000;680000,0;750000,0;NA;680000;600000,0;8;4;6;3;34,9584905660377;12,20093457943925
12401;Natales;267570;600000,0;600000,0;220000;600000;230000,0;6;3;4;2;41,3899043003245;10,84417398244214
12402;Torres del Paine;720000;770000,0;785000,0;116000;770000;720000,0;9;5;8;4;44,8996212121212;12,23284823284823
13101;Santiago;489000;600000,0;650000,0;260000;600000;480000,0;7;4;6;3;34,4660112190120;14,16776451905119
13102;Cerrillos;215448;480000,0;500000,0;187000;500000;214750,0;5;3;4;2;36,3376376376376;11,70724889833288
13103;Cerro Navia;210000;450000,0;500000,0;150000;500000;210000,0;5;3;4;2;40,4668268106545;10,47138132790639
13104;Conchalí;208817;450000,0;480000,0;230000;500000;203917,0;4;2;4;2;42,1722755946525;11,42177599129382
13105;El Bosque;200000;450000,0;500000,0;200000;500000;200000,0;4;2;3;2;38,4025619118955;11,40437197945488
13106;Estación Central;326521;480000,0;500000,0;200000;500000;300000,0;5;3;4;2;36,6336133915415;12,15677970938395
13107;Huechuraba;200000;500000,0;565667,0;295000;600000;200000,0;5;3;4;2;36,9035037976424;12,27306435463818
13108;Independencia;400000;450000,0;500000,0;130000;458000;400000,0;6;3;5;3;34,0166961734068;13,22688971703714
13109;La Cisterna;320803;596113,5;600000,0;193000;650000;300000,0;6;3;5;3;38,7728690433890;12,79405031538443
13110;La Florida;318088;600000,0;600000,0;350000;650000;300000,0;6;3;5;3;39,3821371885574;12,59193745115222
13111;La Granja;209778;438889,0;429843,0;230000;480000;200000,0;4;2;3;2;40,7663785108638;10,70458808816633
13112;La Pintana;156000;430000,0;450000,0;190000;450000;106006,0;3;2;3;2;36,4400325519457;10,23287956427425
13113;La Reina;420917;1000000,0;1159167,0;400000;1200000;400000,0;8;4;8;4;38,7811230513698;14,79302543101269
13114;Las Condes;743000;1400000,0;1500000,0;600000;1500000;700000,0;10;5;9;5;42,3572021842473;15,58783918747355
13115;Lo Barnechea;280000;783605,0;823605,0;350000;700000;150000,0;9;5;8;4;35,6886933602078;14,06383199916831
13116;Lo Espejo;199778;424000,0;458000,0;193000;450000;193917,0;4;2;3;2;39,6678708136313;10,42959944193560
13117;Lo Prado;203917;423805,0;450000,0;185000;450000;199778,0;4;2;3;2;39,4087449345726;11,36936853014124
13118;Macul;400000;600000,0;658333,0;600000;650000;367000,0;6;3;6;3;38,9524069583707;13,37165590700927
13119;Maipú;248179;500000,0;555000,0;200000;550000;214393,0;6;3;5;3;38,0183264389471;12,42664462961880
13120;Ñuñoa;693470;1200000,0;1352000,0;400000;1340000;660000,0;9;5;8;4;39,8210421908449;15,60763637508263
13121;Pedro Aguirre Cerda;243917;450000,0;480000,0;205000;450000;230000,0;5;3;4;2;38,6566079357448;11,02831502937147
13122;Peñalolén;273917;500000,0;510000,0;248000;500000;260000,0;6;3;5;3;39,3683962037969;12,40974773342099
13123;Providencia;1000000;1500000,0;1714071,0;700000;1500000;953333,0;10;5;9;5;40,1601698733974;16,25641007499646
13124;Pudahuel;236000;500000,0;550000,0;170000;550000;200000,0;6;3;5;3;37,2902750396414;11,84711282590677
13125;Quilicura;208785;480000,0;500000,0;200000;500000;200000,0;5;3;4;2;33,7724584990827;12,19940354897946
13126;Quinta Normal;400000;500000,0;500000,0;120000;500000;400000,0;6;3;5;3;33,3877841819905;12,81401894451962
13127;Recoleta;260879;450000,0;500000,0;200000;450000;240000,0;5;3;4;2;38,6190485933504;11,47486351650800
13128;Renca;193000;440000,0;463333,0;188000;480000;150000,0;4;2;3;2;35,6726167051995;10,87586764441686
13129;San Joaquín;270000;480000,0;502500,0;288000;500000;230000,0;5;3;4;2;38,6698143266808;11,79086965796772
13130;San Miguel;421694;620000,0;700000,0;215000;700000;408334,0;7;4;6;3;36,3476828714221;14,09351796981211
13131;San Ramón;223917;450000,0;500000,0;170000;500000;204750,0;4;2;3;2;42,5765453903214;10,75368796878027
13132;Vitacura;950000;2000000,0;2000000,0;650000;2000000;922250,0;10;5;9;5;43,0525792430393;16,23183513296122
13201;Puente Alto;200000;500000,0;520000,0;200000;520000;193917,0;5;3;4;2;36,6537267432638;12,03118632822734
13202;Pirque;211671;410000,0;451667,0;200000;450000;200000,0;5;3;4;2;36,1718832891247;11,90746093750000
13203;San José de Maipo;244051;400000,0;405000,0;278000;500000;240000,0;5;3;4;2;40,3854757321958;11,44726827065729
13301;Colina;216667;500000,0;502500,0;198000;500000;200000,0;5;3;4;2;33,3934032967837;11,55874538490735
13302;Lampa;180000;450000,0;480000,0;200000;480000;140000,0;4;2;4;2;34,1880975666720;10,89962950155609
13303;Tiltil;193917;400000,0;392000,0;235000;400000;193917,0;3;2;2;1;43,5427369753980;9,55063222738571
13401;San Bernardo;199917;500000,0;508333,0;205000;550000;193917,0;5;3;4;2;35,5287731043516;11,61984892425980
13402;Buin;165000;500000,0;560000,0;150000;600000;113408,0;5;3;4;2;32,5837803009195;12,41277612636242
13403;Calera de Tango;233935;450000,0;480000,0;220000;450000;233333,0;4;2;3;2;42,5687537952905;10,24268203085728
13404;Paine;193935;420000,0;450000,0;220000;450000;193917,0;5;3;4;2;36,5878322764633;10,89190139297799
13501;Melipilla;203917;450000,0;480000,0;240000;460000;200000,0;4;2;4;2;38,8158810697703;10,95887124414486
13502;Alhué;150000;550000,0;600000,0;156000;600000;136586,0;5;3;4;2;37,1666450019498;9,91530486733439
13503;Curacaví;203945;450000,0;460000,0;195000;450000;203945,0;4;2;3;2;41,3172765415051;10,91139198513801
13504;María Pinto;193917;400000,0;400000,0;193000;400000;193917,0;3;2;3;2;43,3706952566602;9,46843776624584
13505;San Pedro;198310;400000,0;400000,0;190000;400000;198084,0;3;2;3;2;44,6040535062829;8,73944767710354
13601;Talagante;200000;450000,0;453333,0;280000;450000;199778,0;4;2;4;2;37,4304642844411;11,51954302232610
13602;El Monte;203917;460000,0;450000,0;180000;500000;200000,0;3;2;3;2;37,1612388867414;10,75927400095526
13603;Isla de Maipo;210000;480000,0;460000,0;200000;500000;209095,0;5;3;4;2;37,7194502611500;10,07175024342746
13604;Padre Hurtado;300000;500000,0;590000,0;193000;520000;280000,0;6;3;5;3;36,2665212760562;11,37208218071053
13605;Peñaflor;200000;600000,0;595833,0;186000;654000;160000,0;5;3;4;2;37,4888719075365;11,96518097371529
1401;Pozo Almonte;209269;420000,0;450000,0;195000;470000;207000,0;4;2;4;2;36,4548586427517;10,45135135135135
1402;Camiña;199778;300000,0;300000,0;150000;700000;199778,0;3;2;4;2;36,8741865509761;9,34502369668246
1403;Colchane;193917;300000,0;300000,0;NA;450000;193917,0;3;2;3;2;40,2731305449937;7,20465890183028
1404;Huara;248089;405000,0;450000,0;250000;480000;248089,0;4;2;4;2;42,4479065238559;9,36472404477036
1405;Pica;199778;410000,0;430000,0;270000;500000;199778,0;4;2;4;2;36,4750809061489;11,24152277928022
14101;Valdivia;250000;500000,0;504167,0;300000;500000;240000,0;5;3;6;3;39,0053990101815;12,26391580149713
14102;Corral;214171;400000,0;395000,0;193000;450000;214171,0;5;3;5;3;42,0896539027982;10,05677816901408
14103;Lanco;214171;400000,0;382917,0;350000;420000;212726,0;4;2;5;3;41,0415642458101;10,23066240799889
14104;Los Lagos;209778;430000,0;450000,0;205000;460000;207171,0;4;2;5;3;41,9749585891065;9,00425085890642
14105;Máfil;193935;400000,0;400000,0;250000;430000;188333,0;3;2;4;2;39,5932845924722;10,18843404808317
14106;Mariquina;199778;400000,0;408500,0;233000;400000;199778,0;4;2;4;2;36,9795470838780;10,11339092872570
14107;Paillaco;193935;400000,0;400000,0;220000;400000;193935,0;3;2;4;2;37,7480850248947;9,80196721311475
14108;Panguipulli;200000;400000,0;400000,0;203000;400000;199778,0;3;2;4;2;39,7745341958313;9,70266479663394
14201;La Unión;199778;400000,0;430000,0;240000;450000;199778,0;3;2;4;2;38,9989913253984;10,36192703461179
14202;Futrono;193935;400000,0;417333,0;300000;400000;193935,0;4;2;4;2;37,7937643583853;9,89829116003943
14203;Lago Ranco;200000;400000,0;350000,0;151000;400000;200000,0;3;2;3;2;40,7252405481582;9,02327848872639
14204;Río Bueno;215221;400000,0;400000,0;220000;400000;215120,0;4;2;5;3;40,4992109256449;10,05155659858458
15101;Arica;200000;450000,0;474167,0;230000;500000;193917,0;4;2;5;3;36,5629632838901;12,04043548202342
15102;Camarones;150081;400000,0;400000,0;300000;400000;150081,0;3;2;3;2;37,1033091202583;10,43555555555556
15201;Putre;205917;340000,0;350000,0;240000;560000;200080,0;3;2;3;2;38,7886669763121;9,45476624165149
15202;General Lagos;50000;300000,0;300000,0;260000;650000;50000,0;2;1;2;1;40,2087087087087;10,56537102473498
16101;Chillán;203917;420000,0;450000,0;300000;450000;199796,0;4;2;6;3;39,9134585405686;11,54018645701729
16102;Bulnes;196917;400000,0;400000,0;343000;400000;193935,0;3;2;4;2;39,5087819694502;10,35100558356372
16103;Chillán Viejo;199070;410000,0;420000,0;180000;410000;193935,0;4;2;5;3;39,4253742022266;10,92433407619654
16104;El Carmen;208667;380000,0;359250,0;192000;400000;207952,0;4;2;5;3;42,9309360730594;8,98070486316204
16105;Pemuco;193935;400000,0;400000,0;390000;400000;193917,0;3;2;4;2;43,3020579002442;8,93431060710828
16106;Pinto;204000;400000,0;400000,0;230000;400000;200000,0;4;2;6;3;40,6795126802586;10,45905341712490
16107;Quillón;178861;400000,0;400000,0;193000;400000;166667,0;3;2;4;2;43,4955733668605;10,70314726071752
16108;San Ignacio;199778;370000,0;370000,0;190000;400000;195000,0;3;2;5;3;44,6134681350424;9,18909066360629
16109;Yungay;199778;400000,0;400000,0;210000;400000;193935,0;3;2;5;3;42,3622190186342;10,28462826955289
16201;Quirihue;212244;400000,0;426923,0;200000;419000;212057,0;4;2;5;3;43,2488754396009;9,18891977379469
16202;Cobquecura;204750;400000,0;417500,0;195000;480000;204750,0;3;2;4;2;49,6902132520944;9,16556714194510
16203;Coelemu;193917;450000,0;450000,0;368000;450000;192680,0;3;2;4;2;41,0690369143398;9,96029649200059
16204;Ninhue;214171;400000,0;400000,0;395000;450000;214171,0;3;2;5;3;42,2012637056309;9,57207207207207
16205;Portezuelo;200000;420000,0;420000,0;178000;420000;199778,0;4;2;5;3;47,0998159132747;9,91300323924109
16206;Ranquil;193917;400000,0;380000,0;185000;400000;193917,0;3;2;4;2;46,2583929992045;9,60011217049916
16207;Treguaco;193917;450000,0;450000,0;280000;450000;193000,0;3;2;4;2;42,8218320876065;9,05345528455284
16301;San Carlos;199778;400000,0;400000,0;220000;400000;193935,0;3;2;4;2;41,5282839486611;10,11292280643001
16302;Coihueco;198861;380000,0;370000,0;180000;400000;190861,0;3;2;5;3;41,1525623677180;8,93528580084831
16303;Ñiquén;193935;400000,0;400000,0;270000;380000;193917,0;2;1;4;2;46,0438550875368;8,60181910055584
16304;San Fabián;207736;400000,0;436886,0;200000;400000;200000,0;3;2;4;2;46,9871226514672;9,51246819338422
16305;San Nicolás;193935;400000,0;400000,0;178000;400000;193917,0;3;2;4;2;41,1244843484591;9,85827775598274
2101;Antofagasta;230000;600000,0;600000,0;250000;650000;200000,0;6;3;5;3;36,0400801009691;12,23784367189275
2102;Mejillones;193917;500000,0;620000,0;320000;600000;193917,0;5;3;4;2;32,6750112910510;11,64061315589994
2103;Sierra Gorda;230000;600000,0;600000,0;150000;600000;230000,0;6;3;6;3;36,3892617449664;11,00000000000000
2104;Taltal;193917;500000,0;500000,0;350000;600000;193917,0;5;3;4;2;37,0969343696028;10,48068064303845
2201;Calama;200000;600000,0;608750,0;200000;600000;170000,0;5;3;5;3;35,1675840256313;11,83721203957392
2203;San Pedro de Atacama;240000;500000,0;500000,0;400000;500000;195000,0;5;3;4;2;34,2815408718090;11,48328805952521
2301;Tocopilla;140000;431586,0;432363,0;213000;600000;27736,0;4;2;3;2;38,3155904287280;10,71943905450697
2302;María Elena;360000;530000,0;600000,0;130000;550000;299000,0;6;3;6;3;37,0279447115385;11,87495327102804
3101;Copiapó;200000;516000,0;562500,0;220000;600000;195000,0;5;3;5;3;35,3744654541707;11,86956108266276
3102;Caldera;269000;467000,0;500000,0;265000;520000;260000,0;5;3;5;3;40,5144821311227;11,18698939153762
3103;Tierra Amarilla;177179;500000,0;501667,0;220000;520000;127736,0;4;2;4;2;34,6999236800111;10,19695852534562
3201;Chañaral;193917;500000,0;500000,0;280000;560000;193917,0;4;2;4;2;39,0902984505000;11,01739634676718
3202;Diego de Almagro;203917;600000,0;600000,0;265000;700000;200000,0;5;3;5;3;35,6144672392986;11,51074736936775
3301;Vallenar;198917;450000,0;499083,0;200000;500000;197917,0;4;2;4;2;39,5619017676238;10,67932873682841
3302;Alto del Carmen;200000;380000,0;400000,0;200000;400000;200000,0;3;2;3;2;47,6048163548164;8,84250703093612
3303;Freirina;193917;410000,0;500000,0;198000;600000;193917,0;4;2;4;2;41,3819979455573;9,51951814577615
3304;Huasco;197917;410000,0;450000,0;320000;580000;197917,0;4;2;4;2;40,3606999825875;10,68675595238095
4101;La Serena;209778;550000,0;599583,0;280000;600000;200000,0;5;3;5;3;36,9964695634155;12,19316394895596
4102;Coquimbo;200000;500000,0;500000,0;193197;500000;193917,0;4;2;5;3;41,1424178953175;11,50238317111124
4103;Andacollo;61318;420000,0;450000,0;145000;450000;44154,0;3;2;3;2;34,0671742808799;10,36408335284477
4104;La Higuera;238089;400000,0;450000,0;193000;400000;238089,0;4;2;5;3;45,3619809016211;8,59908577574617
4105;Paiguano;203917;400000,0;450000,0;175000;400000;203917,0;3;2;3;2;39,0786277434477;10,38640087383943
4106;Vicuña;203935;400000,0;443333,0;180000;460000;203935,0;4;2;5;3;41,1529509009754;10,98385200282198
4201;Illapel;204171;500000,0;500000,0;220000;550000;197917,0;4;2;4;2;42,9552926903245;10,08159385852678
4202;Canela;199778;400000,0;400000,0;330000;400000;199778,0;3;2;4;2;47,2849800713237;9,11619634811477
4203;Los Vilos;204167;400000,0;426667,0;193000;480000;200000,0;4;2;5;3;39,5083298625573;10,62618450033294
4204;Salamanca;199778;500000,0;480000,0;390000;600000;199778,0;4;2;5;3;41,2382029298589;10,28565060582729
4301;Ovalle;193917;400000,0;405000,0;193000;400000;160000,0;4;2;4;2;35,6305016266561;10,83362083298695
4302;Combarbalá;196426;400000,0;400000,0;350000;400000;193935,0;3;2;4;2;50,0423570090765;8,97321714102974
4303;Monte Patria;193917;380000,0;380000,0;210000;400000;193917,0;3;2;4;2;44,2418026513180;8,66712657032895
4304;Punitaqui;140000;441485,0;430000,0;295000;600000;96958,0;3;2;3;2;37,6913520490481;9,62154076290202
4305;Río Hurtado;204720;400000,0;400000,0;200000;410000;203000,0;4;2;5;3;43,8039260969977;9,23040380047506
5101;Valparaíso;224750;400000,0;441333,0;209000;460000;209778,0;5;3;5;3;40,3360456803131;12,09765540322121
5102;Casablanca;200000;400000,0;400000,0;280000;400000;199778,0;4;2;5;3;38,9936384225953;10,95015337423313
5103;Concón;389778;550000,0;600000,0;600000;550000;360000,0;6;3;7;4;42,2911162308977;13,42707120805709
5105;Puchuncaví;230000;410000,0;445150,0;200000;500000;200000,0;5;3;5;3;41,6223483573043;11,18566145092461
5107;Quintero;233393;410000,0;448333,0;500000;500000;225325,0;5;3;5;3;39,1615060097111;11,58409584622474
5109;Viña del Mar;250000;500000,0;500000,0;300000;500000;224861,0;5;3;6;3;40,6517634073603;12,53455104410250
5301;Los Andes;217834;420000,0;477917,0;300000;450000;208667,0;5;3;5;3;36,6128313103790;11,92105074797795
5302;Calle Larga;150000;400000,0;416667,0;185000;420000;76178,0;3;2;3;2;32,6488793403786;10,98421947074533
5303;Rinconada;193917;500000,0;500000,0;220000;500000;193917,0;3;2;4;2;37,8040938166311;10,68517902671544
5304;San Esteban;200000;400000,0;400000,0;192000;400000;200000,0;4;2;5;3;42,1559129700835;10,48543309288151
5401;La Ligua;193917;400000,0;400833,0;280000;450000;193000,0;4;2;4;2;38,1206015667985;10,71414518984851
5402;Cabildo;200000;400000,0;400000,0;193000;400000;193917,0;3;2;3;2;39,0366388661235;10,25036505232417
5403;Papudo;218861;450000,0;450000,0;213000;450000;218861,0;4;2;4;2;42,2370078740157;9,94427304280756
5404;Petorca;203917;400000,0;400000,0;220000;500000;200000,0;4;2;4;2;41,2814856711916;10,35182285842093
5405;Zapallar;320254;450000,0;450000,0;200000;450000;250000,0;6;3;6;3;39,8633268482490;11,11956847467785
5501;Quillota;212019;400000,0;404167,0;193000;400000;208667,0;4;2;4;2;38,9045350131908;11,51032170571838
5502;Calera;197393;410000,0;414167,0;185000;410000;193917,0;4;2;4;2;37,0873104371097;11,03088172653699
5503;Hijuelas;180000;400000,0;416667,0;170000;440000;180000,0;3;2;3;2;36,2648321522785;10,77113062568606
5504;La Cruz;201917;430000,0;430000,0;350000;480000;193935,0;5;3;6;3;41,3025675324193;12,30996175560007
5506;Nogales;200000;400000,0;404000,0;310000;420000;150000,0;4;2;4;2;42,1322065489050;10,36415658074644
5601;San Antonio;211096;400000,0;430000,0;200000;400000;203935,0;4;2;4;2;41,6084350268062;10,99902105945840
5602;Algarrobo;220000;400000,0;442477,0;350000;400000;209796,0;4;2;4;2;42,5652533214672;11,66757613745299
5603;Cartagena;238179;400000,0;400000,0;250000;400000;238179,0;3;2;3;2;44,3191296121097;10,72538002526242
5604;El Quisco;233917;450000,0;450000,0;193000;450000;233917,0;3;2;4;2;44,8658569647021;11,62282615470922
5605;El Tabo;280000;400000,0;400000,0;200000;430000;280000,0;4;2;5;3;44,7704609595485;11,61604538087520
5606;Santo Domingo;300000;500000,0;500000,0;180000;500000;300000,0;6;3;6;3;42,2435969944251;11,56012570477863
5701;San Felipe;215489;450000,0;458900,0;230000;465000;209393,0;4;2;5;3;37,8170962540602;11,53706042002293
5702;Catemu;193935;420000,0;404167,0;250000;420000;180000,0;3;2;3;2;40,1845360824742;9,11893316793301
5703;Llaillay;199778;400000,0;400000,0;270000;450000;199778,0;4;2;4;2;41,1310990271150;10,31028591979860
5704;Panquehue;250000;400000,0;404167,0;250000;400000;246750,0;5;3;5;3;42,1531914893617;9,65047534165181
5705;Putaendo;200000;400000,0;400000,0;337000;400000;185498,0;4;2;5;3;41,1790727587942;11,08700784667731
5706;Santa María;203000;420000,0;420000,0;280000;420000;199618,0;3;2;3;2;37,9771288665950;10,25678379892740
5801;Quilpué;217833;500000,0;505000,0;350000;520000;200000,0;5;3;6;3;39,8131873911570;12,85467964624292
5802;Limache;213778;400000,0;415000,0;280000;400000;194393,0;4;2;5;3;41,1325227963526;11,14587864158880
5803;Olmué;208310;400000,0;412500,0;700000;408000;199778,0;4;2;4;2;41,3323942244806;10,40607473690844
5804;Villa Alemana;200000;474275,0;500000,0;300000;500000;200000,0;5;3;5;3;39,7487145371641;12,44723877128491
6101;Rancagua;234667;450000,0;500000,0;250000;500000;210581,0;5;3;5;3;37,0638516916787;11,89724596740801
6102;Codegua;209778;420000,0;450000,0;210000;450000;207750,0;4;2;4;2;40,5411324416106;10,27457431932220
6103;Coinco;190000;430000,0;450000,0;250000;430000;154357,0;4;2;4;2;40,3543237807944;10,24798785117692
6104;Coltauco;200000;450000,0;450000,0;200000;450000;199861,0;4;2;5;3;40,3131155801915;9,72972972972973
6105;Doñihue;193917;450000,0;450000,0;203000;500000;193917,0;4;2;5;3;38,9548265200962;10,53022702590888
6106;Graneros;243917;450000,0;480000,0;177000;500000;243917,0;5;3;5;3;37,2286786626916;11,17172870518383
6107;Las Cabras;215235;420000,0;450000,0;255000;420000;209778,0;5;3;5;3;42,5246956458158;9,94703251856033
6108;Machalí;203917;700000,0;700000,0;310000;750000;200000,0;6;3;7;4;35,8943722393467;12,82928014579326
6109;Malloa;238089;400000,0;465000,0;450000;400000;236069,0;5;3;6;3;42,0254558204769;9,55240578734859
6110;Mostazal;206092;400000,0;426166,0;200000;409000;205976,5;5;3;5;3;39,8704703708967;10,05806312148725
6111;Olivar;214528;500000,0;500000,0;170000;500000;214528,0;4;2;5;3;38,9711596638655;10,66135757171448
6112;Peumo;193917;500000,0;535167,0;180000;500000;168750,0;4;2;5;3;37,1681557541005;10,68871374014788
6113;Pichidegua;203917;420000,0;450000,0;250000;420000;200000,0;4;2;4;2;45,1574453877707;9,17578534754044
6114;Quinta de Tilcoco;203917;400000,0;480000,0;193000;420000;203917,0;3;2;4;2;45,1998867497169;10,62113232389730
6115;Rengo;274565;430000,0;500000,0;193000;450000;224014,0;5;3;6;3;39,8537769922385;10,54797694289474
6116;Requínoa;211096;430000,0;480000,0;280000;450000;211096,0;4;2;5;3;38,0587142445306;10,07770270270270
6117;San Vicente;193917;450000,0;450000,0;200000;450000;193917,0;4;2;4;2;43,9936705185529;9,77270329166189
6201;Pichilemu;209778;500000,0;500000,0;380000;500000;209778,0;5;3;5;3;46,7324920110491;10,57169564404562
6202;La Estrella;229590;498000,0;500000,0;290000;500000;229590,0;5;3;5;3;43,7844772289929;10,68571428571429
6203;Litueche;209778;550000,0;550000,0;170000;500000;200000,0;4;2;4;2;45,8809005083515;9,56026380873866
6204;Marchihue;240000;450000,0;486667,0;193000;450000;217735,0;4;2;5;3;42,0266753415745;10,34624922504650
6205;Navidad;60000;420000,0;420000,0;NA;400000;44154,0;2;1;3;2;41,6960965223563;9,01271696167726
6206;Paredones;224974;400000,0;400000,0;NA;400000;224974,0;2;1;2;1;47,7770720863766;7,87403029183598
6301;San Fernando;219778;460000,0;500000,0;220000;500000;217171,0;4;2;5;3;40,1633225673704;11,33540894797472
6302;Chépica;207534;430000,0;453333,0;197000;430000;203935,0;4;2;4;2;43,2342000497636;9,52765927189989
6303;Chimbarongo;214171;400000,0;408585,0;222852;420000;209861,0;4;2;4;2;42,0953142198228;9,40124053236917
6304;Lolol;209778;400000,0;420000,0;255000;400000;209778,0;4;2;4;2;45,4807718256646;9,21817038667086
6305;Nancagua;228167;400000,0;400000,0;270000;400000;228167,0;4;2;5;3;39,2669982565891;9,80308546744832
6306;Palmilla;218667;400000,0;400000,0;267000;400000;218667,0;4;2;4;2;45,6459770114943;9,26645984143399
6307;Peralillo;216417;500000,0;500000,0;216000;500000;213917,0;4;2;4;2;44,3102676721638;8,74254876720467
6308;Placilla;218667;420000,0;421667,0;166000;420000;218667,0;3;2;4;2;43,8638579010073;8,48931355292934
6309;Pumanque;193917;400000,0;400000,0;175000;410000;193917,0;3;2;3;2;45,0627840909091;8,49266759776536
6310;Santa Cruz;226917;400000,0;400000,0;209000;420000;223060,0;4;2;4;2;44,6166678565479;10,03859272707267
7101;Talca;220000;450000,0;480000,0;200000;480000;209778,0;5;3;6;3;37,8377124163965;12,15690396803176
7102;Constitución;198328;400000,0;430000,0;193000;450000;198000,0;4;2;5;3;39,3163810503819;10,20223693220726
7103;Curepto;209778;330000,0;330000,0;300000;385000;209778,0;3;2;3;2;47,8784046692607;7,94268749193236
7104;Empedrado;193000;400000,0;400000,0;193000;400000;193000,0;3;2;4;2;37,1986154213416;9,21096296296296
7105;Maule;193935;450000,0;500000,0;193000;500000;181380,0;4;2;5;3;34,4136811293716;11,65529198518402
7106;Pelarco;199778;400000,0;400000,0;220000;400000;193935,0;4;2;4;2;39,4025820333513;9,35961538461538
7107;Pencahue;211861;385000,0;385000,0;250000;400000;208861,0;3;2;3;2;46,5164057971014;8,30249396621078
7108;Río Claro;208667;400000,0;438333,5;200000;400000;206935,0;4;2;6;3;42,1494859126719;9,53900709219858
7109;San Clemente;184373;400000,0;400000,0;193000;400000;184373,0;3;2;4;2;38,5616866655400;9,24002788320037
7110;San Rafael;204861;400000,0;420000,0;193000;400000;198861,0;3;2;4;2;39,8084815321477;9,19949335022166
7201;Cauquenes;193935;400000,0;400000,0;193000;400000;193935,0;3;2;4;2;42,0835513259968;9,44239991378846
7202;Chanco;150000;400000,0;400000,0;193000;400000;150000,0;3;2;4;2;42,0410206718346;8,86988193921125
7203;Pelluhue;195000;380000,0;380000,0;193000;400000;193935,0;3;2;4;2;42,4939193257074;9,83383426363246
7301;Curicó;200000;400000,0;448000,0;193000;410000;193917,0;4;2;5;3;38,2896109986525;11,01832782102572
7302;Hualañé;209778;400000,0;400000,0;200000;400000;203935,0;4;2;5;3;39,9625464502249;9,90602352382084
7303;Licantén;230058;400000,0;441667,0;193000;400000;199796,0;5;3;6;3;45,9316654753395;9,84934678352902
7304;Molina;200000;400000,0;410000,0;170000;400000;199778,0;4;2;5;3;39,1939989451271;9,92667536472542
7305;Rauco;199889;400000,0;410000,0;158000;400000;199778,0;3;2;4;2;41,3168916580132;9,17236788201557
7306;Romeral;228000;450000,0;450000,0;228000;450000;208861,0;5;3;6;3;36,3618211342996;10,09415195931798
7307;Sagrada Familia;220581;400000,0;410833,0;180000;400000;214528,0;4;2;5;3;41,9506336200316;8,91343229103297
7308;Teno;203945;400000,0;403333,0;193000;400000;203917,0;3;2;4;2;42,6508274306769;8,65617813889315
7309;Vichuquén;214528;400000,0;375000,0;170000;450000;193917,0;3;2;4;2;44,9138645785352;9,03379667484328
7401;Linares;210000;420000,0;450000,0;210000;430000;208667,0;4;2;5;3;40,5211240234755;11,02659806195618
7402;Colbún;183000;400000,0;400000,0;176096;400000;181957,0;3;2;4;2;39,9609547282397;9,12897553912189
7403;Longaví;200000;400000,0;400000,0;200000;400000;200000,0;4;2;5;3;43,7015091056374;9,68858167275736
7404;Parral;193917;410000,0;410000,0;185000;420000;193917,0;3;2;4;2;40,7923109252992;10,53236110736717
7405;Retiro;193935;400000,0;400000,0;184000;400000;193935,0;3;2;4;2;45,1546759215833;8,22149695387293
7406;San Javier;201667;400000,0;410000,0;200000;410000;193935,0;4;2;5;3;40,3668651889248;9,95426478529336
7407;Villa Alegre;209628;400000,0;400000,0;193197;400000;200000,0;4;2;5;3;42,2699293642785;9,29459043891529
7408;Yerbas Buenas;193000;400000,0;400000,0;213605;400000;193000,0;3;2;4;2;38,3623780581235;9,34841224202926
8101;Concepción;276386;500000,0;558333,0;360000;540000;258861,0;5;3;6;3;39,4464981073677;13,27733946803124
8102;Coronel;113892;480000,0;507500,0;193600;500000;100000,0;4;2;5;3;33,7130685818899;11,53297623033144
8103;Chiguayante;204171;500000,0;506667,0;290000;550000;204171,0;5;3;6;3;38,3857934464855;12,58037836168584
8104;Florida;150000;400000,0;400000,0;NA;410000;150000,0;3;2;3;2;41,4851776991747;8,90584415584416
8105;Hualqui;193917;400000,0;400000,0;190000;440000;190000,0;3;2;3;2;41,9972506779150;9,73542786275320
8106;Lota;200000;400000,0;400000,0;300000;400000;200000,0;3;2;4;2;42,6033143107989;10,12331470754088
8107;Penco;219113;400000,0;404167,0;193000;400000;208975,0;4;2;5;3;44,2658680243586;11,27148500298562
8108;San Pedro de la Paz;205833;600000,0;600000,0;350000;650000;204171,0;5;3;6;3;35,9257832188238;12,92261849880558
8109;Santa Juana;150000;400000,0;370000,0;300000;420000;150000,0;3;2;4;2;37,0175686591276;10,54873407248056
8110;Talcahuano;209254;500000,0;500000,0;320000;500000;200000,0;5;3;5;3;41,2880844740919;11,95906734224945
8111;Tomé;199778;400000,0;410000,0;250000;410000;199778,0;4;2;4;2;41,0785217833531;10,99123101451708
8112;Hualpén;230563;500000,0;504167,0;278000;500000;222171,0;5;3;6;3;40,6891521401097;12,06515398264505
8201;Lebu;193917;360000,0;362500,0;400000;400000;193000,0;3;2;4;2;37,4638290031325;10,46293687224469
8202;Arauco;193935;400000,0;450000,0;400000;480000;193935,0;3;2;4;2;38,4615107543480;10,57204839118318
8203;Cañete;137269;350000,0;340000,0;185000;400000;137269,0;2;1;3;2;39,9217237403127;9,32667608317183
8204;Contulmo;199778;360000,0;350000,0;230000;400000;199778,0;3;2;4;2;43,5999370970278;9,56482546988876
8205;Curanilahue;193917;400000,0;400000,0;200000;400000;193917,0;4;2;4;2;41,7875556079309;9,46566825816645
8206;Los Alamos;193917;400000,0;413334,0;190000;400000;161196,0;4;2;4;2;39,4943219187092;9,95087945087945
8207;Tirúa;106000;400000,0;377667,0;180000;400000;106000,0;2;1;3;2;39,8698753837818;9,52105923981281
8301;Los Angeles;198083;445000,0;450000,0;195000;450000;193917,0;4;2;5;3;38,0212263406762;11,02405262291640
8302;Antuco;193935;460000,0;450000,0;140000;500000;193935,0;3;2;3;2;44,9557563122539;9,65115020297700
8303;Cabrero;193917;420000,0;450000,0;400000;450000;153732,0;3;2;4;2;40,1758358908092;9,82597065418355
8304;Laja;203935;416000,0;510000,0;300000;500000;200000,0;4;2;4;2;45,0454070326546;9,61854557936547
8305;Mulchén;177673;400000,0;400000,0;320000;400000;150000,0;3;2;3;2;37,0965098341689;9,76417922540917
8306;Nacimiento;167221;420000,0;410000,0;200000;475000;110914,0;3;2;4;2;38,8421127816864;10,42919913027722
8307;Negrete;200611;400000,0;400000,0;200000;410000;199778,0;3;2;4;2;47,0995535290206;8,55144728502007
8308;Quilaco;194016;400000,0;400000,0;200000;400000;194016,0;3;2;3;2;40,2281750777326;9,16714947856315
8309;Quilleco;190000;400000,0;400000,0;140000;408000;186521,0;3;2;3;2;42,5090454772614;9,85846438482886
8310;San Rosendo;203861;350000,0;350000,0;NA;490000;203861,0;3;2;4;2;46,6855222626715;9,62360876897133
8311;Santa Bárbara;193000;407000,0;409500,0;221000;407000;193000,0;2;1;3;2;41,6027023338338;9,37801860226982
8312;Tucapel;199778;400000,0;403333,0;180000;450000;197997,0;4;2;5;3;42,9088304245897;10,43905183407096
8313;Yumbel;204768;400000,0;412500,0;320000;450000;203917,0;4;2;4;2;42,0540979172302;9,81446523919961
8314;Alto Biobío;76193;400000,0;320000,0;200000;400000;76193,0;2;1;3;2;34,2420664206642;8,76116201988692
9101;Temuco;202118;450000,0;500000,0;250000;500000;199778,0;4;2;6;3;38,1817252171421;12,24671381972031
9102;Carahue;193917;300000,0;250000,0;190000;370000;173261,0;2;1;3;2;46,3436679339944;8,91022314478464
9103;Cunco;154736;400000,0;400000,0;193000;410000;76103,0;3;2;4;2;38,3658901001605;10,41751234229292
9104;Curarrehue;195000;384000,0;350000,0;184000;400000;194000,0;3;2;4;2;39,5165199642812;8,99241603466956
9105;Freire;150000;400000,0;400000,0;290000;400000;129032,0;2;1;4;2;40,8485716528018;9,58775373420146
9106;Galvarino;127826;350000,0;330000,0;250000;400000;127826,0;3;2;4;2;38,9276582228222;8,55746176105829
9107;Gorbea;193935;387273,0;365000,0;230000;450000;150000,0;3;2;5;3;42,4735586481113;10,44717710750193
9108;Lautaro;199778;400000,0;410000,0;305000;400000;199778,0;3;2;5;3;37,9744090689822;10,45805138032217
9109;Loncoche;193935;500000,0;500000,0;193917;500000;166333,0;3;2;5;3;42,1256660746004;10,59970894751667
9110;Melipeuco;180652;400000,0;365250,0;240000;450000;154000,0;2;1;4;2;42,9403269322330;10,13273832130649
9111;Nueva Imperial;154393;375218,0;350000,0;193000;400000;100000,0;3;2;4;2;38,9557548140526;10,41189346953666
9112;Padre Las Casas;150611;400000,0;404050,0;202000;450000;127221,0;3;2;5;3;39,5327431525162;10,65778022743096
9113;Perquenco;150000;340000,0;380000,0;193000;400000;150000,0;2;1;3;2;40,4122589531680;9,40081314585804
9114;Pitrufquén;180000;400000,0;400000,0;193000;400000;148075,0;3;2;5;3;39,0825035023286;10,38933158338802
9115;Pucón;204500;450000,0;500000,0;170000;500000;203935,0;4;2;6;3;39,9603781042092;11,43228714386139
9116;Saavedra;127736;360000,0;200000,0;170000;360000;100000,0;2;1;3;2;42,9878854625551;7,88612997090204
9117;Teodoro Schmidt;120000;343000,0;200000,0;170000;400000;70914,0;2;1;2;1;42,2625903843714;8,74546912590217
9118;Toltén;140000;380000,0;300000,0;220000;380000;100000,0;1;1;2;1;43,0532852564103;9,16496558272015
9119;Vilcún;193917;400000,0;400000,0;250000;400000;193917,0;3;2;5;3;39,5708605954356;9,87306394724735
9120;Villarrica;192000;430000,0;460470,0;193000;450000;180000,0;4;2;5;3;35,2229599307774;11,24206392023997
9121;Cholchol;60000;303552,0;233333,0;193000;400000;56521,0;2;1;3;2;37,8241907191835;8,95232959447800
9201;Angol;198861;450000,0;460000,0;193000;450000;191398,0;4;2;6;3;40,1475398242605;11,09719259322468
9202;Collipulli;188000;400000,0;401667,0;225870;400000;184000,0;4;2;6;3;39,0212717638153;9,48815120406793
9203;Curacautín;199778;430000,0;450000,0;325000;450000;130000,0;4;2;6;3;42,2578768251180;9,98304864584010
9204;Ercilla;111667;400000,0;230000,0;180000;400000;111667,0;2;1;3;2;40,9276807980050;8,82813174169423
9205;Lonquimay;199778;360000,0;350000,0;210000;400000;199778,0;2;1;4;2;40,1250338051023;9,02760600706714
9206;Los Sauces;107826;400000,0;401667,0;193917;400000;101028,0;3;2;4;2;38,9994663820704;9,09552481692433
9207;Lumaco;193917;400000,0;400000,0;193000;400000;178846,0;3;2;4;2;44,3574942274872;7,94974874371859
9208;Purén;193935;400000,0;400000,0;185000;400000;193935,0;3;2;5;3;42,0806557917285;9,32721922511035
9209;Renaico;135736;400000,0;425000,0;163000;400000;134861,0;3;2;5;3;37,4770046630703;9,36907020872865
9210;Traiguén;174750;400000,0;400000,0;195000;400000;150000,0;3;2;4;2;41,8899605890894;10,06737544813945
9211;Victoria;150000;400000,0;400000,0;300000;400000;124393,0;2;1;4;2;41,8806835778034;10,32906473847817
